Date,MarketReturn
2015-06-25,-0.009513258774706435
2015-06-26,-0.015410016510732039
2015-06-29,-0.022250671667357835
2015-06-30,0.006731212540341147
2015-07-01,0.0103865176772302
2015-07-02,0.01524738473811138
2015-07-03,-0.010982535090538925
2015-07-06,-0.011429500027084205
2015-07-07,0.019433789954337755
2015-07-08,-0.020048733292722165
2015-07-09,0.00027424810311726944
2015-07-10,0.003838420764028516
2015-07-13,-0.003423160961398386
2015-07-14,0.019038222612000277
2015-07-15,0.010542546706350686
2015-07-16,0.005925978496150064
2015-07-17,8.818964300827403e-05
2015-07-20,0.0029629107070421323
2015-07-21,0.00348168598005949
2015-07-22,-0.016138924422170353
2015-07-23,-0.004328001994799324
2015-07-24,-0.004328926891222218
2015-07-27,0.004275884371462757
2015-07-28,-0.0009302491994489515
2015-07-29,0.007072895589736339
2015-07-30,0.008054478859215619
2015-07-31,0.005238557191992177
2015-08-03,-0.003491718135878674
2015-08-04,0.003275051502825921
2015-08-05,-0.004194527808490833
2015-08-06,-0.011261896369404223
2015-08-07,-0.024117217161904403
2015-08-10,0.0062833345510338035
2015-08-11,-0.006534524068830372
2015-08-12,-0.016644741650222783
2015-08-13,0.0010776462719011004
2015-08-14,-0.005827873568551634
2015-08-17,0.0020909175767758192
2015-08-18,-0.012034949792275929
2015-08-19,0.014538666063245831
2015-08-20,-0.01702538939072884
2015-08-21,-0.013992360927277514
2015-08-24,-0.04090438384535733
2015-08-25,0.027192929838242064
2015-08-26,0.006910244681058053
2015-08-27,0.011695793380760877
2015-08-28,0.005789845795196147
2015-08-31,-0.010753096739873902
2015-09-01,-0.021240637603226475
2015-09-02,0.0010007063809749361
2015-09-03,-0.014446731353523479
2015-09-04,0.002545845101237232
2015-09-07,-0.0020235686227831895
2015-09-08,0.016877385496183228
2015-09-09,0.020683048892538025
2015-09-10,-0.024151998620980275
2015-09-11,-0.004690873405299278
2015-09-14,0.00500877521642229
2015-09-15,-0.015324242126949938
2015-09-16,0.016040969233221736
2015-09-17,0.009394183059091343
2015-09-18,0.004604802984378598
2015-09-21,-0.020172130354898066
2015-09-22,0.007382258892266513
2015-09-23,-0.020671682733756525
2015-09-24,0.014725595726375884
2015-09-25,-0.00583630735256413
2015-09-28,0.014160766347355302
2015-09-29,-0.03815390632639104
2015-09-30,0.020982433311646176
2015-10-01,0.01802214433646654
2015-10-02,-0.011756421040277076
2015-10-05,0.019497228820269275
2015-10-06,0.0032812348315696127
2015-10-07,0.005902388048147911
2015-10-08,0.0024048173300756925
2015-10-09,0.01330032243205892
2015-10-12,-0.00886414000795499
2015-10-13,-0.0057329587800263315
2015-10-14,-0.0010763228199657249
2015-10-15,0.00629172839743708
2015-10-16,0.007304015296367039
2015-10-19,0.0002847272313124538
2015-10-20,-0.006470956600944877
2015-10-21,0.0024257009702803867
2015-10-22,0.002953337271116352
2015-10-23,0.01667996504426461
2015-10-26,-0.0006726960161447249
2015-10-27,-0.00033657442034407126
2015-10-28,-0.002057536193932119
2015-10-29,-0.012801769380716754
2015-10-30,-0.0052212876644706085
2015-11-02,-0.014047410008779515
2015-11-03,0.014208835030392164
2015-11-04,0.0005916933883036712
2015-11-05,-0.009404269118516662
2015-11-06,0.004236472174080408
2015-11-09,-0.018312559923298166
2015-11-10,-0.003965230979587897
2015-11-11,0.00458895513021651
2015-11-12,0.000605161441455504
2015-11-13,-0.0145150906217687
2015-11-16,-0.009403519885969991
2015-11-17,0.022862624405451726
2015-11-18,0.002911179711617473
2015-11-19,0.021332138473826756
2015-11-20,0.0025750581772403525
2015-11-23,0.003862179182283265
2015-11-24,-0.009476157986505918
2015-11-25,-0.00625669677024332
2015-11-26,0.0032731963725283197
2015-11-27,-0.0015544936380907926
2015-11-30,-0.006938838273171211
2015-12-01,0.0192780412271365
2015-12-02,-0.0014811720248381066
2015-12-03,-0.005819371279691232
2015-12-04,-0.014557070987240905
2015-12-07,0.0007958692445064752
2015-12-08,-0.009135519910002388
2015-12-09,-0.005500528520534065
2015-12-10,-0.00842436768034649
2015-12-11,-0.0016277269388808024
2015-12-14,-0.02006163634556113
2015-12-15,-0.0038550501156514594
2015-12-16,0.02419749063060106
2015-12-17,0.014636862620316604
2015-12-18,0.0009212073696589496
2015-12-21,0.00045038870503466555
2015-12-22,0.0015071442552359038
2015-12-23,0.004905505501592966
2015-12-24,0.012797074954296273
2015-12-29,0.01146401413318987
2015-12-30,0.009986140907106034
2015-12-31,-0.0045113629955449985
2016-01-04,-0.004796163069544335
2016-01-05,-0.01633621098567506
2016-01-06,-0.011823933338476866
2016-01-07,-0.022017918838203476
2016-01-08,-0.0038919825160169674
2016-01-11,-0.011741604552376494
2016-01-12,-0.001439519889704255
2016-01-13,0.012649489350469834
2016-01-14,-0.015639411316517582
2016-01-15,-0.003381268586792552
2016-01-18,-0.006969424460431695
2016-01-19,0.009138246856154941
2016-01-20,-0.012563480247190673
2016-01-21,0.0046473200454404395
2016-01-22,0.010690789473684292
2016-01-25,0.018429617575264512
2016-01-27,-0.012024128150841085
2016-01-28,0.006024583535500616
2016-01-29,0.005888027008560837
2016-02-01,0.007611627210069027
2016-02-02,-0.009973035133634789
2016-02-03,-0.023331263893617393
2016-02-04,0.021243438320209806
2016-02-05,-0.0008433057585736092
2016-02-08,-0.00016076524255459468
2016-02-09,-0.028801704385576943
2016-02-10,-0.011671943875333768
2016-02-11,0.009506459786000176
2016-02-12,-0.011574122088320093
2016-02-15,0.01641029945648742
2016-02-16,0.01372974088985246
2016-02-17,-0.005682281059063099
2016-02-18,0.02251080477663292
2016-02-19,-0.007852564102564075
2016-02-22,0.00977225004038118
2016-02-23,-0.0043189634487721396
2016-02-24,-0.021005703269338927
2016-02-25,0.0012717948717948513
2016-02-26,-0.0002458411865934318
2016-02-29,0.0001844262295080945
2016-03-01,0.00848204224630722
2016-03-02,0.02009223330556842
2016-03-03,0.011929419262327823
2016-03-04,0.0017515892228059382
2016-03-07,0.010373280943025476
2016-03-08,-0.00676674185268733
2016-03-09,0.009631949882537238
2016-03-10,-0.0013767160474674744
2016-03-11,0.003164987087629134
2016-03-14,0.003696965004645447
2016-03-15,-0.014289846687879693
2016-03-16,0.0014868724811207823
2016-03-17,0.009611252197694764
2016-03-18,0.002883015363182695
2016-03-21,-0.003183423047982914
2016-03-22,0.0
2016-03-23,-0.004703286494019299
2016-03-24,-0.011298446220562863
2016-03-29,-0.01567601589237244
2016-03-30,0.001158956938755118
2016-03-31,0.014470191405704158
2016-04-01,-0.01640827890139307
2016-04-04,-0.0008200984118093002
2016-04-05,-0.014193341741236876
2016-04-06,0.0043660141337016345
2016-04-07,0.0036798156048445385
2016-04-08,-0.00533832920368249
2016-04-11,-0.0012354180168503426
2016-04-12,0.008942512420156312
2016-04-13,0.015897580191333693
2016-04-14,0.012641699804142759
2016-04-15,0.007599734302348171
2016-04-18,-0.003955404750363489
2016-04-19,0.010064043915827936
2016-04-20,0.005242059821153111
2016-04-21,0.010870398773006107
2016-04-22,-0.006884518368198478
2016-04-26,-0.0030173401573598824
2016-04-27,-0.0063019576293913415
2016-04-28,0.00726718969871043
2016-04-29,0.005128793967925871
2016-05-02,-0.0017516469289059478
2016-05-03,0.02113293915697123
2016-05-04,-0.01544697224401359
2016-05-05,0.0015177097759480063
2016-05-06,0.0024435983406261297
2016-05-09,0.00542328042328033
2016-05-10,0.004153588813502029
2016-05-11,0.005521449427266623
2016-05-12,-0.0024198201887459803
2016-05-13,-0.005653723434030589
2016-05-16,0.005610808782135379
2016-05-17,0.006904402022803291
2016-05-18,-0.007357438054819365
2016-05-19,-0.0061424143982673485
2016-05-20,0.005259895177803342
2016-05-23,-0.006054603554276672
2016-05-24,-0.004380605012314409
2016-05-25,0.014521489538484644
2016-05-26,0.002903676128431787
2016-05-27,0.0033035763998439105
2016-05-30,0.0003884644555023353
2016-05-31,-0.0054363905325443
2016-06-01,-0.010300078087234654
2016-06-02,-0.008322061917643508
2016-06-03,0.007577336187463368
2016-06-06,0.007802365150689106
2016-06-07,0.0019774643683307946
2016-06-08,-0.00018618506795753387
2016-06-09,-0.0015083798882682409
2016-06-10,-0.009194501948935896
2016-06-14,-0.02057373037683996
2016-06-15,-0.010800837929775264
2016-06-16,-0.00021371257601376925
2016-06-17,0.0032452390205985893
2016-06-20,0.01822689677881728
2016-06-21,0.003348044437680553
2016-06-22,-0.0006635825875929147
2016-06-23,0.0018592650211539663
2016-06-24,-0.031719279640956666
2016-06-27,0.0046937338652899285
2016-06-28,-0.006598925484699758
2016-06-29,0.007661709090196478
2016-06-30,0.017696017423771027
2016-07-01,0.002522260862919179
2016-07-04,0.006709106850150581
2016-07-05,-0.010185921466166925
2016-07-06,-0.005833970925784193
2016-07-07,0.00584896584896577
2016-07-08,0.0004973316245528991
2016-07-11,0.020380460759009678
2016-07-12,0.003016619512469232
2016-07-13,0.0065941866547112316
2016-07-14,0.004286907302588849
2016-07-15,0.0033261881883361877
2016-07-18,0.005322675703550939
2016-07-19,-0.0013190436933222527
2016-07-20,0.0068607488122098825
2016-07-21,0.004317962359028593
2016-07-22,-0.0025760104491691083
2016-07-25,0.006438470772252902
2016-07-26,0.0007047853115511593
2016-07-27,0.00039729119638831634
2016-07-28,0.003050706716970275
2016-07-29,0.001043803764892104
2016-08-01,0.0044944628218035465
2016-08-02,-0.00839388624404902
2016-08-03,-0.013500586589658026
2016-08-04,0.0018478877362460011
2016-08-05,0.003944629095291807
2016-08-08,0.007348928584421932
2016-08-09,0.0026544837300011004
2016-08-10,-0.0015848716794236717
2016-08-11,-0.0064397424103035394
2016-08-12,0.004157588961510417
2016-08-15,0.001645301849608538
2016-08-16,-0.0014440433212996595
2016-08-17,0.0005422993492407713
2016-08-18,-0.004914182475158069
2016-08-19,0.003431497149497087
2016-08-22,-0.0020989016954058304
2016-08-23,0.007017098511359787
2016-08-24,0.0014224494940400234
2016-08-25,-0.0035600625707967737
2016-08-26,-0.0047637091972067
2016-08-29,-0.008394524521802227
2016-08-30,0.0016638630878373917
2016-08-31,-0.008268988554843704
2016-09-01,-0.0032026504693538627
2016-09-02,-0.007903094763276441
2016-09-05,0.010571768910065504
2016-09-06,-0.0029468100780905004
2016-09-07,0.001976503620511272
2016-09-08,-0.007097690024519321
2016-09-09,-0.008652382190203922
2016-09-12,-0.022400359604434983
2016-09-13,-0.002260709632922131
2016-09-14,0.003821191289987924
2016-09-15,0.002333722287047868
2016-09-16,0.01083990152483838
2016-09-19,-0.00035871391621189463
2016-09-20,0.0016620080078568744
2016-09-21,0.006787842220378648
2016-09-22,0.006536070117611814
2016-09-23,0.010568424969764623
2016-09-26,1.8411798280215663e-05
2016-09-27,-0.004694922119527156
2016-09-28,0.0012023899813167205
2016-09-29,0.010882418150912843
2016-09-30,-0.0064701259298521885
2016-10-03,0.007836788756231838
2016-10-04,0.0010039244318700291
2016-10-05,-0.005671043034281564
2016-10-06,0.0055199985328908685
2016-10-07,-0.0028451577603502143
2016-10-10,0.0014632183487581774
2016-10-11,0.0008035942579538435
2016-10-12,-0.000948939742326349
2016-10-13,-0.007142074306798696
2016-10-14,-0.0002759635728083465
2016-10-17,-0.008336400441663616
2016-10-18,0.004101174680349651
2016-10-19,0.004546462630294901
2016-10-20,0.0012326599698275764
2016-10-21,-0.0021682806269638366
2016-10-24,-0.004014511168812018
2016-10-25,0.0063418692798373755
2016-10-26,-0.015249503931799802
2016-10-27,-0.011996716295384235
2016-10-28,-0.0022094230950806537
2016-10-31,0.006415837086944931
2016-11-01,-0.005114993324181527
2016-11-02,-0.011624610150269388
2016-11-03,-0.0006502199273282772
2016-11-04,-0.008573178199632658
2016-11-07,0.013511426806670723
2016-11-08,0.0013331301896852832
2016-11-09,-0.01924759405074361
2016-11-10,0.03339409688554462
2016-11-11,0.007862933493469448
2016-11-14,-0.004654886700057759
2016-11-15,-0.0036477916830349733
2016-11-16,0.00028162667567865896
2016-11-17,0.002027141167858515
2016-11-18,0.003914957385033224
2016-11-21,-0.0015113632122998322
2016-11-22,0.01158596976435633
2016-11-23,0.01313431732954018
2016-11-24,0.00012763474582455636
2016-11-25,0.004138484257351749
2016-11-28,-0.007879734195141541
2016-11-29,-0.0012627186882365748
2016-11-30,-0.0031149793861657837
2016-12-01,0.01097325613454636
2016-12-02,-0.01021781026144497
2016-12-05,-0.00800881704628953
2016-12-06,0.0052403525664765915
2016-12-07,0.009099784478788786
2016-12-08,0.011956700315802982
2016-12-09,0.003066599321740471
2016-12-12,0.00039564075819154
2016-12-13,-0.003199827425037771
2016-12-14,0.007141568981064106
2016-12-15,-0.008236937291838275
2016-12-16,-0.0010291409381433247
2016-12-19,0.005277521733629831
2016-12-20,0.005213858075187483
2016-12-21,0.004006367262256116
2016-12-22,0.005415516166384471
2016-12-23,-0.0028349191162139187
2016-12-28,0.01014588034613273
2016-12-29,0.0024802110817943035
2016-12-30,-0.005843027846502147
2017-01-03,0.011895937025662606
2017-01-04,0.0005581525151747702
2017-01-05,0.002963531134509534
2017-01-06,0.00038238259116352147
2017-01-09,0.008999930502467057
2017-01-10,-0.008041464338602422
2017-01-11,0.001874772163105165
2017-01-12,-0.0007970198388634886
2017-01-13,-0.007941875184240943
2017-01-16,0.004771809617031497
2017-01-17,-0.008524111056989803
2017-01-18,-0.003614415552514183
2017-01-19,0.0023596534479115583
2017-01-20,-0.00657039457503239
2017-01-23,-0.0077456320294263525
2017-01-24,0.006968454820887704
2017-01-25,0.0037875435832992466
2017-01-27,0.007493608392841411
2017-01-30,-0.009187959397969903
2017-01-31,-0.007171244369866714
2017-02-01,0.00574641071714499
2017-02-02,-0.0013797495223943912
2017-02-03,-0.0042158217309666846
2017-02-06,-0.0010673117973530877
2017-02-07,0.0011218747774057736
2017-02-08,0.005247336309788464
2017-02-09,0.002335704427221641
2017-02-10,0.009885958408360596
2017-02-13,0.007009754221585007
2017-02-14,-0.0009547450830628135
2017-02-15,0.009365443425076503
2017-02-16,0.0012394346800708167
2017-02-17,-0.0018052713924660013
2017-02-20,-0.0018429846016052576
2017-02-21,-0.0007074942623941372
2017-02-22,0.002434812640303985
2017-02-23,-0.003514151349675365
2017-02-24,-0.007900150396736194
2017-02-27,-0.00257884648893536
2017-02-28,-0.002096362810523722
2017-03-01,-0.0012954728475893518
2017-03-02,0.01258589258168552
2017-03-03,-0.008136273932763172
2017-03-06,0.0029495950851716746
2017-03-07,0.0025928826242058722
2017-03-08,-0.00029506717117366854
2017-03-09,-0.0032119728458079866
2017-03-10,0.005991778722218344
2017-03-13,-0.003168501973820903
2017-03-14,0.0003126465530718381
2017-03-15,0.0025872098070878202
2017-03-16,0.0020436439210254065
2017-03-17,0.0023851498496318957
2017-03-20,-0.0035692116697704224
2017-03-21,-0.0007440862447869456
2017-03-22,-0.015602812316004688
2017-03-23,0.004134048728999806
2017-03-24,0.007971268395234654
2017-03-27,-0.001181889284783244
2017-03-28,0.012963961925974932
2017-03-29,0.008984401841544809
2017-03-30,0.003864816548906136
2017-03-31,-0.005308503782097018
2017-04-03,0.0013299459496325383
2017-04-04,-0.0027414987995298956
2017-04-05,0.0033466516408837688
2017-04-06,-0.0033865423232700698
2017-04-07,0.0010586889332855343
2017-04-10,0.008597014925373125
2017-04-11,0.002773596712273285
2017-04-12,0.0007926736714283233
2017-04-13,-0.007414897202561499
2017-04-18,-0.009049235993208837
2017-04-19,-0.0056024808539071325
2017-04-20,0.0029979324603721658
2017-04-21,0.0056172054832173135
2017-04-24,0.0030235219760510468
2017-04-26,0.006846282230321243
2017-04-27,0.0016069012178618891
2017-04-28,0.0004390779363336872
2017-05-01,0.005469185192687354
2017-05-02,-0.001024091328800547
2017-05-03,-0.009764049475665448
2017-05-04,-0.002698436943129212
2017-05-05,-0.006772854128377803
2017-05-08,0.0058767090429359126
2017-05-09,-0.005280280706535634
2017-05-10,0.00607887121354822
2017-05-11,0.000493583415597243
2017-05-12,-0.007042852525390053
2017-05-15,0.0002569857287257893
2017-05-16,0.002072485612496733
2017-05-17,-0.011024698743697159
2017-05-18,-0.008244037331489817
2017-05-19,-0.0018995172786365755
2017-05-22,0.007647449104305704
2017-05-23,-0.0019060160798447523
2017-05-24,0.0015277247317802
2017-05-25,0.0035708094990467565
2017-05-26,-0.006546220809727887
2017-05-29,-0.007754229184414929
2017-05-30,0.0018923796674317206
2017-05-31,0.001171758862519523
2017-06-01,0.0023582433707158845
2017-06-02,0.008713685714783592
2017-06-05,-0.005735906428707249
2017-06-06,-0.015187057985368901
2017-06-07,-5.293339214829107e-05
2017-06-08,0.0016586674195371298
2017-06-09,0.00021139414438220427
2017-06-13,0.0167318327521222
2017-06-14,0.010584118625277084
2017-06-15,-0.012118822742933522
2017-06-16,0.0018739589117158229
2017-06-19,0.005403533079320955
2017-06-20,-0.008251223041411127
2017-06-21,-0.015910235700762554
2017-06-22,0.007112978096263545
2017-06-23,0.0017350157728706073
2017-06-26,0.0007522874787873057
2017-06-27,-0.0010489143736233109
2017-06-28,0.0072626089391341075
2017-06-29,0.010841426759560235
2017-06-30,-0.016603358484728714
2017-07-03,-0.006466835620029698
2017-07-04,0.017468554842114514
2017-07-05,-0.00354438258584322
2017-07-06,-0.0007808026651398015
2017-07-07,-0.009585330277141035
2017-07-10,0.0036468195525631852
2017-07-11,0.0007861085877995944
2017-07-12,-0.00961790221508485
2017-07-13,0.01110366949839614
2017-07-14,0.004933063728908227
2017-07-17,-0.0016651922776709238
2017-07-18,-0.011832160542090242
2017-07-19,0.007859478847979773
2017-07-20,0.005129010310357396
2017-07-21,-0.006717000781046534
2017-07-24,-0.006063465436499604
2017-07-25,0.006768516727905682
2017-07-26,0.008731184297838146
2017-07-27,0.0014541425752172543
2017-07-28,-0.014209161624891942
2017-07-31,0.0031212737602581697
2017-08-01,0.009054994231374236
2017-08-02,-0.004885316332894463
2017-08-03,-0.0015842066780403785
2017-08-04,-0.0025282907011211497
2017-08-07,0.009264762437506624
2017-08-08,-0.005161424414576676
2017-08-09,0.0038128068526062098
2017-08-10,-0.0008325094958114843
2017-08-11,-0.011768994427953872
2017-08-14,0.0065517907642582696
2017-08-15,0.004729163758201871
2017-08-16,0.004793747286148564
2017-08-17,-0.0010198613679971436
2017-08-18,-0.00555440199335544
2017-08-21,-0.0036888169685581618
2017-08-22,0.004226409822036814
2017-08-23,-0.0022434392445349616
2017-08-24,0.001446698738060359
2017-08-25,-0.0002784788095031576
2017-08-28,-0.005919323107992813
2017-08-29,-0.007162997600658416
2017-08-30,0.00012347856764849396
2017-08-31,0.007901652644760837
2017-09-01,0.0017674337212354452
2017-09-04,-0.003947874087272485
2017-09-05,0.0007365836548578475
2017-09-06,-0.0028915916021170496
2017-09-07,3.515123820241328e-05
2017-09-08,-0.003040475228035522
2017-09-11,0.007139583259880844
2017-09-12,0.0058287094572122555
2017-09-13,-0.00036544619239864407
2017-09-14,-0.0009748794457115073
2017-09-15,-0.007614965061773504
2017-09-18,0.0044951712028096225
2017-09-19,-0.0012236478691046715
2017-09-20,-0.0007875945113413607
2017-09-21,-0.009406035977649885
2017-09-22,0.004721151465855833
2017-09-25,0.0002815860333327258
2017-09-26,-0.0022344599468655524
2017-09-27,-0.001181449479809471
2017-09-28,0.0010769203608564926
2017-09-29,0.0019751693002258985
2017-10-02,0.008395522388059629
2017-10-03,-0.004869704850505419
2017-10-04,-0.008646998982705822
2017-10-05,-5.307761716888404e-05
2017-10-06,0.010421458650341497
2017-10-09,0.005008142609487454
2017-10-10,-0.0002090847315874278
2017-10-11,0.005925306286052923
2017-10-12,0.003880736646974192
2017-10-13,0.0033997756493227005
2017-10-16,0.005606962264800064
2017-10-17,0.007320243552028538
2017-10-18,0.00015281173594128283
2017-10-19,0.0009506833036245776
2017-10-20,0.0018486796356913526
2017-10-23,-0.002200778737091569
2017-10-24,0.000610790634543612
2017-10-25,0.0013564839934889772
2017-10-26,0.001811839609861865
2017-10-27,-0.002214221726416943
2017-10-30,0.002693454397614925
2017-10-31,-0.0017063404909530844
2017-11-01,0.004873921137248383
2017-11-02,-0.0010273165145340268
2017-11-03,0.004754117706559535
2017-11-06,-0.0010235071058238843
2017-11-07,0.010161577479928852
2017-11-08,0.000332540777812973
2017-11-09,0.005501720326446469
2017-11-10,-0.003306113002942479
2017-11-13,-0.001260490264371139
2017-11-14,-0.008817961406888397
2017-11-15,-0.005780153132172838
2017-11-16,0.0015671868154090163
2017-11-17,0.002321864221418446
2017-11-20,-0.001947190841488644
2017-11-21,0.0029937601964444838
2017-11-22,0.0038400268298817153
2017-11-23,-3.340906053717063e-05
2017-11-24,-0.0006013831813169723
2017-11-27,0.001036338715608487
2017-11-28,-0.000751402618220709
2017-11-29,0.004478385107698601
2017-11-30,-0.006853986791103273
2017-12-01,0.0033333891689979467
2017-12-04,-0.000701192026444919
2017-12-05,-0.0023055332798717076
2017-12-06,-0.0043705415452628404
2017-12-07,0.005382040802596855
2017-12-08,0.002793716646870781
2017-12-11,0.0006506072334180324
2017-12-12,0.002484037143857476
2017-12-13,0.0014301869221047259
2017-12-14,-0.0017436646849778858
2017-12-15,-0.002378853159882288
2017-12-18,0.006986826746706587
2017-12-19,0.005448012055175644
2017-12-20,0.0006258440660100728
2017-12-21,-0.0025018105207716967
2017-12-22,0.001534552174774051
2017-12-27,3.295055768814947e-05
2017-12-28,0.0029984019506088533
2017-12-29,-0.0037778617302606232
2018-01-02,-0.0006265354239831655
2018-01-03,0.001501328097932797
2018-01-04,0.0011037163943068418
2018-01-05,0.007437758141218609
2018-01-08,0.00132303219378338
2018-01-09,0.0008808560615947147
2018-01-10,-0.006372437172006973
2018-01-11,-0.004773073958042828
2018-01-12,0.0004120245236995945
2018-01-15,0.0011531935223472178
2018-01-16,-0.004689736881078099
2018-01-17,-0.005422742452799056
2018-01-18,-0.00019947471657966176
2018-01-19,-0.0014631064409935668
2018-01-22,-0.002314429384927985
2018-01-23,0.007526827884310583
2018-01-24,0.0029319198277288905
2018-01-25,-0.0007762564619221424
2018-01-29,0.00419834710743805
2018-01-30,-0.008657866148730875
2018-01-31,0.0024739323902502885
2018-02-01,0.00867880153038425
2018-02-02,0.005139488678346682
2018-02-05,-0.01555199790897499
2018-02-06,-0.032010222030466884
2018-02-07,0.007457185469631256
2018-02-08,0.0023652327797440975
2018-02-09,-0.008946305192931159
2018-02-12,-0.0029633436108256195
2018-02-13,0.006047382617210939
2018-02-14,-0.0025102887685923836
2018-02-15,0.011607203999178362
2018-02-16,-0.0008461668641055464
2018-02-19,0.006368563685636985
2018-02-20,-0.00011781338360050686
2018-02-21,0.00047130906091674696
2018-02-22,0.0012113666571327286
2018-02-23,0.008217244450419381
2018-02-26,0.0070669022300742235
2018-02-27,0.0024328886829301233
2018-02-28,-0.006752629232775753
2018-03-01,-0.0070977393617021045
2018-03-02,-0.007433077193511162
2018-03-05,-0.0057177554015077625
2018-03-06,0.011433418150975427
2018-03-07,-0.01013014893331543
2018-03-08,0.006929854286682469
2018-03-09,0.0034158407511484246
2018-03-12,0.005517171988194347
2018-03-13,-0.003568986507896943
2018-03-14,-0.006594473362679265
2018-03-15,-0.0024261621148047308
2018-03-16,0.004813457413568978
2018-03-19,0.0016808417655562735
2018-03-20,-0.0038594489378125374
2018-03-21,0.002341486422747785
2018-03-22,-0.002201569668756287
2018-03-23,-0.019622044061173627
2018-03-26,-0.005188379404538979
2018-03-27,0.007218720317761829
2018-03-28,-0.007338442809869172
2018-03-29,-0.005199067276966951
2018-04-03,-0.00130221898114391
2018-04-04,0.0016516281576521852
2018-04-05,0.004755788523622906
2018-04-06,-1.7274737424077813e-05
2018-04-09,0.0034550071691399342
2018-04-10,0.008315113536591756
2018-04-11,-0.004831825166467518
2018-04-12,-0.0022646559267074373
2018-04-13,0.0023385779382685268
2018-04-16,0.0020929474532946912
2018-04-17,3.423895365761709e-05
2018-04-18,0.0034066592484807146
2018-04-19,0.0033439110110213832
2018-04-20,-0.002074477129739849
2018-04-23,0.0029307524536532625
2018-04-24,0.006048250084947471
2018-04-26,-0.0018238313969197728
2018-04-27,0.007240982608107238
2018-04-30,0.004887798978769009
2018-05-01,0.005432329884500264
2018-05-02,0.005818592897991692
2018-05-03,0.007950150408251089
2018-05-04,-0.0058048964465508
2018-05-07,0.0035626515363935685
2018-05-08,0.0012162051113484562
2018-05-09,0.0026428536253058077
2018-05-10,0.0017518009168302484
2018-05-11,-0.000408583522643724
2018-05-14,0.003122854059710356
2018-05-15,-0.006112170554007146
2018-05-16,0.001508740857358415
2018-05-17,-0.0020795808089077994
2018-05-18,-0.0011322055035033474
2018-05-21,-0.0004763938627327935
2018-05-22,-0.007001396992357689
2018-05-23,-0.0015558019828199043
2018-05-24,0.0007625362619145815
2018-05-25,-0.000712262510145667
2018-05-28,-0.004773902665428986
2018-05-29,0.0015989340439708233
2018-05-30,-0.004805773579885653
2018-05-31,0.00454492288669428
2018-06-01,-0.003576240456428126
2018-06-04,0.005859375
2018-06-05,-0.005078416728902191
2018-06-06,0.0050376153063438345
2018-06-07,0.005344309638014355
2018-06-08,-0.0019975896851732733
2018-06-12,0.0015218685899556217
2018-06-13,-0.0051037262156448104
2018-06-14,-0.0011455134058271366
2018-06-15,0.01286440846989989
2018-06-18,0.0016573679028553112
2018-06-19,-0.0003276486296096559
2018-06-20,0.011553399649301133
2018-06-21,0.009639374007711421
2018-06-22,-0.0011071709375652938
2018-06-25,-0.0023774336567500276
2018-06-26,-0.0020610588689938814
2018-06-27,-0.0002742997289274518
2018-06-28,0.0031472425313514574
2018-06-29,-0.0033465263699841152
2018-07-02,-0.0027120395182901325
2018-07-03,0.005244585451131378
2018-07-04,-0.004315480982899134
2018-07-05,0.005191318691981861
2018-07-06,0.009138444212050567
2018-07-09,0.002184206750314832
2018-07-10,-0.004438434616608311
2018-07-11,-0.006791198606605819
2018-07-12,0.008478666580860938
2018-07-13,1.595328877046498e-05
2018-07-16,-0.004291366217854531
2018-07-17,-0.006072258271248798
2018-07-18,0.006689664066026113
2018-07-19,0.0028182094762292387
2018-07-20,0.003704472511855794
2018-07-23,-0.009274725974005249
2018-07-24,0.006133984199370612
2018-07-25,-0.002904657027035573
2018-07-26,-0.0004961905371663189
2018-07-27,0.008919849467531327
2018-07-30,-0.0034602076124568004
2018-07-31,0.00028669724770646887
2018-08-01,-0.000716537689882446
2018-08-02,-0.005545198145226804
2018-08-03,-0.0009774231280743617
2018-08-06,0.006126900622313469
2018-08-07,-0.0030447951538339346
2018-08-08,0.0023345432450152526
2018-08-09,0.004658211693387537
2018-08-10,-0.0030646108896899005
2018-08-13,-0.004173037716615702
2018-08-14,0.007581331371357303
2018-08-15,0.004666962981776601
2018-08-16,-0.00011060199083579025
2018-08-17,0.0017224215034052914
2018-08-20,0.0009149419485108279
2018-08-21,-0.009550827423167929
2018-08-22,-0.0029278849213926206
2018-08-23,-0.0034471752314076953
2018-08-24,0.0004644161168407823
2018-08-27,0.003457493637251119
2018-08-28,0.005710730750211335
2018-08-29,0.007534061890335675
2018-08-30,-6.297030949897753e-05
2018-08-31,-0.0050851727069491925
2018-09-03,-0.0013608671572118425
2018-09-04,-0.0028205168834871674
2018-09-05,-0.009963293130571649
2018-09-06,-0.011235233692860835
2018-09-07,-0.0026946302188168847
2018-09-10,-0.0003418080015625824
2018-09-11,0.006187212009704179
2018-09-12,-0.0006149165817110891
2018-09-13,-0.007642610793568538
2018-09-14,0.005971902687356367
2018-09-17,0.003195302742770023
2018-09-18,-0.003799514955537542
2018-09-19,0.004625497038058812
2018-09-20,-0.003311793214862635
2018-09-21,0.004068401004943656
2018-09-24,-0.0012430181125497874
2018-09-25,-0.00016163183500617073
2018-09-26,0.0010346109701095951
2018-09-27,-0.001792548810619743
2018-09-28,0.0042710153368279435
2018-10-01,-0.005686577743411303
2018-10-02,-0.007468852777732793
2018-10-03,0.003248343181744051
2018-10-04,0.0049136851011211125
2018-10-05,0.001489564949889166
2018-10-08,-0.013774149219949905
2018-10-09,-0.009704440765208266
2018-10-10,0.001440135074737947
2018-10-11,-0.027438923600780152
2018-10-12,0.0020225024643936163
2018-10-15,-0.00993944739386321
2018-10-16,0.005619228726593484
2018-10-17,0.01178895722244011
2018-10-18,0.0005556397433952309
2018-10-19,-0.00048801830910061295
2018-10-22,-0.005825406178971315
2018-10-23,-0.010465884265609793
2018-10-24,-0.002413102633875952
2018-10-25,-0.02828958655000846
2018-10-26,0.00019420561077665432
2018-10-29,0.011120525312433793
2018-10-30,0.01342481058622269
2018-10-31,0.004341010490775288
2018-11-01,0.0018009364869733258
2018-11-02,0.0014381591562799834
2018-11-05,-0.0053169664227585844
2018-11-06,0.009814200512194615
2018-11-07,0.0036934912854029722
2018-11-08,0.005307873628516813
2018-11-09,-0.0010795857089841432
2018-11-12,0.0032929176939444638
2018-11-13,-0.01802635786780682
2018-11-14,-0.017380274930581696
2018-11-15,0.0005581914596706206
2018-11-16,-0.000941422594142205
2018-11-19,-0.006439116322898175
2018-11-20,-0.003846356499288661
2018-11-21,-0.005113015268521481
2018-11-22,0.008595023747075992
2018-11-23,0.004375098835063929
2018-11-26,-0.00780238620062268
2018-11-27,0.009997178926581585
2018-11-28,-0.0005586299600229827
2018-11-29,0.005816492288344133
2018-11-30,-0.01583773270352873
2018-12-03,0.018351214003387906
2018-12-04,-0.010067230385361725
2018-12-05,-0.007824123505627556
2018-12-06,-0.0018876578928798127
2018-12-07,0.0042066564151510555
2018-12-10,-0.022705271495203738
2018-12-11,0.004214317874831064
2018-12-12,0.013917035814846157
2018-12-13,0.0014327407800478476
2018-12-14,-0.01052705948848387
2018-12-17,0.010049982149232362
2018-12-18,-0.012159129067034313
2018-12-19,-0.0015922712228284563
2018-12-20,-0.013403576676343065
2018-12-21,-0.006938137963601987
2018-12-24,0.004791864803570078
2018-12-27,0.018821216644216987
2018-12-28,0.010201529336096637
2018-12-31,-0.0013971667580426894
2019-01-02,-0.015691413998299653
2019-01-03,0.01360250458814627
2019-01-04,-0.002485177690204843
2019-01-07,0.011353525287397304
2019-01-08,0.0068975225225225145
2019-01-09,0.009768628547462743
2019-01-10,0.0029420417769931984
2019-01-11,-0.003571859955481149
2019-01-14,-0.000207806601323135
2019-01-15,0.007136176256625326
2019-01-16,0.0035428060399682604
2019-01-17,0.002553468604332476
2019-01-18,0.0050426488436094985
2019-01-21,0.0018368596503162138
2019-01-22,-0.005364661143555494
2019-01-23,-0.002577319587628968
2019-01-24,0.003764738094015785
2019-01-25,0.006802257190105188
2019-01-29,-0.0053169872663235695
2019-01-30,0.0021279493377821534
2019-01-31,-0.003737238180984259
2019-02-01,-0.000323972240694248
2019-02-04,0.004844101794364342
2019-02-05,0.019469717544812637
2019-02-06,0.003363359363292906
2019-02-07,0.011018735168682792
2019-02-08,-0.0034468608945424917
2019-02-11,-0.0017623322078563763
2019-02-12,0.0030194033790917896
2019-02-13,-0.0025497195308515908
2019-02-14,-0.0006926578270335382
2019-02-15,0.001105720038287794
2019-02-18,0.003906958342262623
2019-02-19,0.002807973989293444
2019-02-20,-0.0017029916979154347
2019-02-21,0.007004018699253711
2019-02-22,0.004577143601772304
2019-02-25,0.0030807646782222697
2019-02-26,-0.009359390912176968
2019-02-27,0.003573526532210769
2019-02-28,0.0030405020893289336
2019-03-01,0.0038417895931268653
2019-03-04,0.00398856718394236
2019-03-05,-0.0029111847396017243
2019-03-06,0.0074685851628411015
2019-03-07,0.002930062764185948
2019-03-08,-0.009594661472884236
2019-03-11,-0.0038041200554499444
2019-03-12,-0.0008737581308048137
2019-03-13,-0.002202500485845804
2019-03-14,0.0029864312146985483
2019-03-15,-0.0007120201954819994
2019-03-18,0.0024776525456666754
2019-03-19,-0.0009207656893627236
2019-03-20,-0.0031528909584788156
2019-03-21,0.0003081764066630299
2019-03-22,0.004540147879102285
2019-03-25,-0.01113765495867769
2019-03-26,0.0007182266331495768
2019-03-27,0.0008808273252209897
2019-03-28,0.00653520208604963
2019-03-29,0.0007448065931574543
2019-04-01,0.00587312116750538
2019-04-02,0.004085571819205436
2019-04-03,0.006824298346789659
2019-04-04,-0.008305489260143184
2019-04-05,-0.008262739057887325
2019-04-08,0.006487308494976807
2019-04-09,6.42942103064037e-05
2019-04-10,0.00027323282651314784
2019-04-11,-0.003984895958865642
2019-04-12,0.008485650216981
2019-04-15,1.599667269203131e-05
2019-04-16,0.0041590683686854035
2019-04-17,-0.0033453340555006372
2019-04-18,0.0005434435138418348
2019-04-23,0.009521070960733402
2019-04-24,0.00992182802164776
2019-04-26,0.0005484088309490875
2019-04-29,-0.004087321473315031
2019-04-30,-0.005346332258825415
2019-05-01,0.007967749585013006
2019-05-02,-0.005881522608572887
2019-05-03,-0.0004101981572636193
2019-05-06,-0.008223113103317692
2019-05-07,0.0019097028820598272
2019-05-08,-0.004225106024747016
2019-05-09,0.004179228278381242
2019-05-10,0.0024780391720806705
2019-05-13,-0.0021074648623808923
2019-05-14,-0.00916222052845539
2019-05-15,0.0070994727479607445
2019-05-16,0.006938035072085569
2019-05-17,0.005926230285407286
2019-05-20,0.01740687791620199
2019-05-21,0.0037059341270209156
2019-05-22,0.001630744142397722
2019-05-23,-0.0029029136651972376
2019-05-24,-0.005514649249822923
2019-05-27,-0.0006350681536555491
2019-05-28,0.0050992730823478105
2019-05-29,-0.006908462867012077
2019-05-30,-0.007437888198757681
2019-05-31,0.0007509269254235562
2019-06-03,-0.01192765245665861
2019-06-04,0.0018669113691736072
2019-06-05,0.004121660034110297
2019-06-06,0.0038531100102225935
2019-06-07,0.009540968196772637
2019-06-11,0.01589099768773572
2019-06-12,-0.0003971709209783514
2019-06-13,-0.00019866436419768707
2019-06-14,0.0017730496453900457
2019-06-17,-0.0035245651510528164
2019-06-18,0.005986923701174485
2019-06-19,0.011887366818873701
2019-06-20,0.0059114634256403065
2019-06-21,-0.005472979035200498
2019-06-24,0.0021952246346303994
2019-06-25,-0.001110210940078571
2019-06-26,-0.0026284169420246473
2019-06-27,0.003885249604698382
2019-06-28,-0.007125391896554256
2019-07-01,0.004426784311355458
2019-07-02,0.0007671364750829746
2019-07-03,0.004854806709553294
2019-07-04,0.004861266920948237
2019-07-05,0.004956832390592414
2019-07-08,-0.01170145009109358
2019-07-09,-0.000989164156288025
2019-07-10,0.003615524251016522
2019-07-11,0.003931358187090783
2019-07-12,-0.002918360357945904
2019-07-15,-0.006495930710072373
2019-07-16,-0.0018036975800390653
2019-07-17,0.004863725342568959
2019-07-18,-0.003626391740218504
2019-07-19,0.007700290264847753
2019-07-22,-0.0013581481426205855
2019-07-23,0.004991630798661051
2019-07-24,0.0077476727240282095
2019-07-25,0.0060944117343249005
2019-07-26,-0.0036080962158991925
2019-07-29,0.004769334942738679
2019-07-30,0.0028275073984003196
2019-07-31,-0.004747921871119498
2019-08-01,-0.0034788480169098968
2019-08-02,-0.0029901751388294873
2019-08-05,-0.018955175368613908
2019-08-06,-0.02442660723160095
2019-08-07,0.006390762723638144
2019-08-08,0.007454559398726968
2019-08-09,0.002481691813462028
2019-08-12,0.0008960573476703981
2019-08-13,-0.0033078919017344166
2019-08-14,0.004171424221663944
2019-08-15,-0.02847223275064803
2019-08-16,-0.00040573648975517074
2019-08-19,0.009663570369213836
2019-08-20,0.011998639329560579
2019-08-21,-0.009427043544690594
2019-08-22,0.002853485107892517
2019-08-23,0.003276015872527571
2019-08-26,-0.012724011589581585
2019-08-27,0.004829117560286145
2019-08-28,0.004543206824082269
2019-08-29,0.0010460572870194529
2019-08-30,0.01487537265267247
2019-09-02,-0.0037551860936979597
2019-09-03,-0.000911937258716633
2019-09-04,-0.0031034168010465324
2019-09-05,0.009186632076911394
2019-09-06,0.005156353958749138
2019-09-09,0.00010530591367929887
2019-09-10,-0.005099277978339312
2019-09-11,0.0036134923874751035
2019-09-12,0.002545947574570606
2019-09-13,0.002148792618972495
2019-09-16,0.0006447549931025698
2019-09-17,0.0032666516820258895
2019-09-18,-0.0020462115215150734
2019-09-19,0.005372964559386961
2019-09-20,0.001979903237811609
2019-09-23,0.00280798716348718
2019-09-24,-0.00011852378624233051
2019-09-25,-0.005734267806605464
2019-09-26,-0.004858275461238071
2019-09-27,0.005765544507008613
2019-09-30,-0.004139307038311002
2019-10-01,0.00814855792951863
2019-10-02,-0.015260722548496308
2019-10-03,-0.022123827166071752
2019-10-04,0.0037116895117819126
2019-10-07,0.007135075416979886
2019-10-08,0.004540191358400669
2019-10-09,-0.007082840416173686
2019-10-10,6.109948523702613e-05
2019-10-11,0.00911854103343468
2019-10-14,0.005418659562874684
2019-10-15,0.0014151085418359077
2019-10-16,0.012702946482261002
2019-10-17,-0.007689452980034206
2019-10-18,-0.005235837060750703
2019-10-21,0.0004210716272914361
2019-10-22,0.0029612927470874517
2019-10-23,0.00013488804292438594
2019-10-24,0.003072035485756297
2019-10-25,0.0068124775905340496
2019-10-28,0.0002225783475784393
2019-10-29,0.0006972569614431823
2019-10-30,-0.008287129006433913
2019-10-31,-0.0039016368936393153
2019-11-01,0.0008554191553862278
2019-11-04,0.002669025805580816
2019-11-05,0.0015253705005309204
2019-11-06,-0.005509847545952851
2019-11-07,0.009969670580463053
2019-11-08,-0.00037165878750033965
2019-11-11,0.007197989321990894
2019-11-12,-0.0028792912513843083
2019-11-13,-0.008085295424255956
2019-11-14,0.005478920339185622
2019-11-15,0.008700687443393473
2019-11-18,-0.003959550760263109
2019-11-19,0.0070047880829933185
2019-11-20,-0.013471867570661322
2019-11-21,-0.007363441627989964
2019-11-22,0.005529829609315362
2019-11-25,0.003219171957435263
2019-11-26,0.00833407612086634
2019-11-27,0.009296500920810358
2019-11-28,0.001956033048200023
2019-11-29,-0.002622377622377603
2019-12-02,0.0023809523809523725
2019-12-03,-0.021858560540926497
2019-12-04,-0.015762108368219563
2019-12-05,0.011579505032922155
2019-12-06,0.0035912015561874178
2019-12-09,0.003429253019233691
2019-12-10,-0.003432392273402751
2019-12-11,0.006813878244792848
2019-12-12,-0.0064863904273909645
2019-12-13,0.004605890770331467
2019-12-16,0.016321201240411254
2019-12-17,-0.00035038030862655223
2019-12-18,0.0005987761599461905
2019-12-19,-0.002670986951571863
2019-12-20,-0.0024586205382622905
2019-12-23,-0.004577263324677561
2019-12-24,0.0013411740431237273
2019-12-27,0.004047569986164623
2019-12-30,-0.0024627292317164207
2019-12-31,-0.01775191406192589
2020-01-02,0.0009724570248799136
2020-01-03,0.006411980988252131
2020-01-06,0.00032672458602500676
2020-01-07,0.013465564083910975
2020-01-08,-0.0012891128559707754
2020-01-09,0.008302041774231217
2020-01-10,0.00797183672281876
2020-01-13,-0.003651320536874003
2020-01-14,0.008473716992337454
2020-01-15,0.004682427968170977
2020-01-16,0.006719277177331673
2020-01-17,0.003166803942173946
2020-01-20,0.0021800370889426546
2020-01-21,-0.00186453845610568
2020-01-22,0.009396713980442284
2020-01-23,-0.006266911548221565
2020-01-24,0.0003527088036117121
2020-01-28,-0.013539242648614391
2020-01-29,0.0052898706126243145
2020-01-30,-0.0032852165256347376
2020-01-31,0.0012556360938302813
2020-02-03,-0.01338140568887869
2020-02-04,0.003668770672945021
2020-02-05,0.003943183617079571
2020-02-06,0.010478634193890501
2020-02-07,-0.0037734778414570957
2020-02-10,-0.0014382137669809447
2020-02-11,0.006103386809269251
2020-02-12,0.004663161027879781
2020-02-13,0.0021161931096751463
2020-02-14,0.003801103727897326
2020-02-17,-0.0007152674539282478
2020-02-18,-0.0015999775441748465
2020-02-19,0.004343731110392657
2020-02-20,0.0025053886851607032
2020-02-21,-0.0032809773123909647
2020-02-24,-0.02251015548396129
2020-02-25,-0.016006763825000325
2020-02-26,-0.023082748376197837
2020-02-27,-0.007483490108972868
2020-02-28,-0.03254780035747007
2020-03-02,-0.007715953549028098
2020-03-03,0.00691543456152699
2020-03-04,-0.017138772783069522
2020-03-05,0.011113921649223757
2020-03-06,-0.02806573166346138
2020-03-09,-0.07329236511051762
2020-03-10,0.03107315210221162
2020-03-11,-0.035978853794868426
2020-03-12,-0.07357795281091173
2020-03-13,0.04424461787882206
2020-03-16,-0.09699781560847043
2020-03-17,0.058256697321071416
2020-03-18,-0.0642687119809574
2020-03-19,-0.034381813776952264
2020-03-20,0.007045934474900317
2020-03-23,-0.05618070838350708
2020-03-24,0.04172899252089746
2020-03-25,0.05540891526067959
2020-03-26,0.02304875852824062
2020-03-27,-0.05297948487278281
2020-03-30,0.07000660829340832
2020-03-31,-0.02018759408654025
2020-04-01,0.035809959029309946
2020-04-02,-0.019834176396759662
2020-04-03,-0.01684030809227255
2020-04-06,0.04327577701036023
2020-04-07,-0.0065256866157221705
2020-04-08,-0.008643832225882053
2020-04-09,0.03464633467130174
2020-04-14,0.018710671393833644
2020-04-15,-0.0038993458574007045
2020-04-16,-0.009219455978926927
2020-04-17,0.013145505234200439
2020-04-20,-0.02451025056947609
2020-04-21,-0.024603026340369816
2020-04-22,-1.9152318388226952e-05
2020-04-23,-0.0007852600934650233
2020-04-24,0.004887772900653564
2020-04-27,0.015030709953076649
2020-04-28,-0.0015597399180665716
2020-04-29,0.015113587171331044
2020-04-30,0.023918122149293675
2020-05-01,-0.05006881066203095
2020-05-04,0.014087191902247609
2020-05-05,0.016410391368096633
2020-05-06,-0.004161195465221645
2020-05-07,-0.0037885822530921986
2020-05-08,0.0050147272659484265
2020-05-11,0.013002912207156214
2020-05-12,-0.01065699846187651
2020-05-13,0.003498056635202529
2020-05-14,-0.017189546100075614
2020-05-15,0.014281156754931024
2020-05-18,0.010305654233274009
2020-05-19,0.018130207856423386
2020-05-20,0.0024282759240938923
2020-05-21,-0.00405526646330534
2020-05-22,-0.00962092822138938
2020-05-25,0.021575404766236206
2020-05-26,0.029275589429446525
2020-05-27,-0.0008650519031141446
2020-05-28,0.013177489177489177
2020-05-29,-0.016304626480490914
2020-06-01,0.011032541654359962
2020-06-02,0.002732334341490228
2020-06-03,0.018251615225103324
2020-06-04,0.008448902652484103
2020-06-05,0.0011515738175504886
2020-06-09,0.024371947255238613
2020-06-10,0.0005695780240524417
2020-06-11,-0.030544531910740913
2020-06-12,-0.018924269368855495
2020-06-15,-0.02188857348062523
2020-06-16,0.03889996153711661
2020-06-17,0.008330107870689885
2020-06-18,-0.009229280016021968
2020-06-19,0.001027541480670413
2020-06-22,0.00031972537273250445
2020-06-23,0.0016654049962150363
2020-06-24,0.0018977562810695847
2020-06-25,-0.02480848852607409
2020-06-26,0.014851229867473448
2020-06-29,-0.015091207804745932
2020-06-30,0.01425623387790198
2020-07-01,0.006188643415452999
2020-07-02,0.016564437853868963
2020-07-03,0.004177234074295155
2020-07-06,-0.007147691444229776
2020-07-07,-0.00028264556246482275
2020-07-08,-0.015400222854196732
2020-07-09,0.005945644646386139
2020-07-10,-0.00609520611199732
2020-07-13,0.009849303959994726
2020-07-14,-0.006089502300292704
2020-07-15,0.01881806399488295
2020-07-16,-0.006938822713079662
2020-07-17,0.003776472741186865
2020-07-20,-0.005303632988597151
2020-07-21,0.025776459610770353
2020-07-22,-0.013189740590939358
2020-07-23,0.0031933630722127404
2020-07-24,-0.011567807039133626
2020-07-27,0.0033532536520584078
2020-07-28,-0.003921114456834629
2020-07-29,-0.0023419981729092543
2020-07-30,0.007442061800746025
2020-07-31,-0.02037646047826014
2020-08-03,-0.0002867843044637164
2020-08-04,0.01881507230725088
2020-08-05,-0.006012322777262491
2020-08-06,0.006815190042157582
2020-08-07,-0.006189798417794767
2020-08-10,0.01755262456701301
2020-08-11,0.004664331773100772
2020-08-12,-0.0010914362975874559
2020-08-13,-0.006686236138290891
2020-08-14,0.005779018223608601
2020-08-17,-0.008129019620645828
2020-08-18,0.007734842999144176
2020-08-19,0.007218212104386668
2020-08-20,-0.007717750826901959
2020-08-21,-0.0014379084967320876
2020-08-24,0.00301086529650485
2020-08-25,0.005187940485512854
2020-08-26,-0.007303534910896858
2020-08-27,0.001602249689359736
2020-08-28,-0.00855342626750677
2020-08-31,-0.002189732951364931
2020-09-01,-0.017671809256662008
2020-09-02,0.01844324251688123
2020-09-03,0.00814751286449411
2020-09-04,-0.030608906193763774
2020-09-07,0.003257109104716882
2020-09-08,0.010597496972143627
2020-09-09,-0.021505376344086002
2020-09-10,0.00508624502432542
2020-09-11,-0.008310061775408384
2020-09-14,0.006843704133529194
2020-09-15,-0.0007966776845494961
2020-09-16,0.010398995725045879
2020-09-17,-0.012239552727456027
2020-09-18,-0.0031785422899102134
2020-09-21,-0.0071446841162928765
2020-09-22,-0.006612166386150475
2020-09-23,0.024169706609498354
2020-09-24,-0.00810277013453975
2020-09-25,0.015146615837573929
2020-09-28,-0.0021123572901472487
2020-09-29,-3.360045696620961e-05
2020-09-30,-0.02288268006249905
2020-10-01,0.009800718719372714
2020-10-02,-0.01386027345944929
2020-10-05,0.02591729258395925
2020-10-06,0.0034502490911538786
2020-10-07,0.01246205196155703
2020-10-08,0.010867404413226422
2020-10-09,3.277613897090248e-05
2020-10-12,0.004883484644882197
2020-10-13,0.010388127853881324
2020-10-14,-0.002663137337185484
2020-10-15,0.005033013982392642
2020-10-16,-0.00539426436726087
2020-10-19,0.008515736303587484
2020-10-20,-0.0071917038559089486
2020-10-21,0.0011641820004526515
2020-10-22,-0.0029070706418166115
2020-10-23,-0.001101428617707123
2020-10-26,-0.0018485487270957224
2020-10-27,-0.01699265709272868
2020-10-28,0.0011072549991737457
2020-10-29,-0.016078709741320862
2020-10-30,-0.005486301025116158
2020-11-02,0.003998245495647534
2020-11-03,0.019340312200695653
2020-11-04,-0.0007088223658181514
2020-11-05,0.012784348658055888
2020-11-06,0.008241579255977571
2020-11-09,0.01754385964912286
2020-11-10,0.0066203086302152325
2020-11-11,0.017222616512893252
2020-11-12,-0.004883948090608881
2020-11-13,-0.0020254900127761877
2020-11-16,0.012349341160307281
2020-11-17,0.002143639251731111
2020-11-18,0.005062940506601832
2020-11-19,0.0024651283857235473
2020-11-20,-0.0012218963831867047
2020-11-23,0.0034254954734525
2020-11-24,0.012573152889539196
2020-11-25,0.005899971403199755
2020-11-26,-0.007017491359059269
2020-11-27,-0.005319148936170137
2020-11-30,-0.0126191089363894
2020-12-01,0.01084721838657221
2020-12-02,0.0002580253471957672
2020-12-03,0.003808685624108632
2020-12-04,0.002841896814959277
2020-12-07,0.006165116594564424
2020-12-08,0.001902621722846387
2020-12-09,0.006100752127039311
2020-12-10,-0.006747417700824765
2020-12-11,-0.006060061947299911
2020-12-14,0.002649564929394943
2020-12-15,-0.004339209032761748
2020-12-16,0.007223319711067155
2020-12-17,0.011603186010300526
2020-12-18,-0.012017700948687926
2020-12-21,-0.0008388884727735801
2020-12-22,-0.010539888154245114
2020-12-23,0.0065913085641553515
2020-12-24,0.0032665472445092547
2020-12-29,0.005326491417597001
2020-12-30,-0.002671522170649143
2020-12-31,-0.014261343229977186
2021-01-04,0.014740933035781945
2021-01-05,-0.00034409503007093445
2021-01-06,-0.01119442074858934
2021-01-07,0.01587685974179287
2021-01-08,0.006838498212157207
2021-01-11,-0.008982080232024736
2021-01-12,-0.0027026219912799077
2021-01-13,0.0011229057807189413
2021-01-14,0.004292166422396937
2021-01-15,1.4891367474234585e-05
2021-01-18,-0.007802960359770017
2021-01-19,0.011946570613837748
2021-01-20,0.0041230385904547084
2021-01-21,0.007872503840245848
2021-01-22,-0.003414569808168566
2021-01-25,0.0035733192165166017
2021-01-27,-0.006461822497692116
2021-01-28,-0.01930507624693989
2021-01-29,-0.006361189226581687
2021-02-01,0.008414807639918864
2021-02-02,0.014948221521837057
2021-02-03,0.009168071451808535
2021-02-04,-0.008659848196231335
2021-02-05,0.011085655162220043
2021-02-08,0.0058767633944887265
2021-02-09,-0.008647375993721562
2021-02-10,0.005233683222893415
2021-02-11,-0.000991701789438304
2021-02-12,-0.006335673931767483
2021-02-15,0.009138055151541868
2021-02-16,0.007046251947182336
2021-02-17,-0.004640538938603278
2021-02-18,0.00010166734444894132
2021-02-19,-0.013375157931424964
2021-02-22,-0.0018987900733021812
2021-02-23,0.008597678774204143
2021-02-24,-0.008977658205638006
2021-02-25,0.008291776092537395
2021-02-26,-0.023514779045946677
2021-03-01,0.017427659478818525
2021-03-02,-0.0040208554259455465
2021-03-03,0.008236842494417473
2021-03-04,-0.008404224112643077
2021-03-05,-0.007380892511130499
2021-03-08,0.004291589676342689
2021-03-09,0.004688705561160855
2021-03-10,-0.008432774102079321
2021-03-11,-2.9788057967716774e-05
2021-03-12,0.00787917603777255
2021-03-15,0.0009162381036826872
2021-03-16,0.007987597814853142
2021-03-17,-0.004672554964772813
2021-03-18,-0.007255121262067399
2021-03-19,-0.005588579729910004
2021-03-22,0.006603857964878834
2021-03-23,-0.0010514624213254775
2021-03-24,0.004951522519050178
2021-03-25,0.001740721071576079
2021-03-26,0.004948016375577957
2021-03-29,-0.0036194718794876346
2021-03-30,-0.008985954849621391
2021-03-31,0.007761486406268503
2021-04-01,0.005595888494558832
2021-04-06,0.008376411322799315
2021-04-07,0.00611394298494039
2021-04-08,0.010219399538106355
2021-04-09,-0.0005143738926673969
2021-04-12,-0.003030649588289136
2021-04-13,0.00041583022655578006
2021-04-14,0.006621852111969639
2021-04-15,0.0050547479033475895
2021-04-16,0.0006941886493072591
2021-04-19,0.00029730303673813907
2021-04-20,-0.006765172101449335
2021-04-21,-0.002892644418478696
2021-04-22,0.008274383708467337
2021-04-23,0.0007511976642005092
2021-04-26,-0.002138598155990157
2021-04-27,-0.0016748041330759689
2021-04-28,0.00439307344536366
2021-04-29,0.0024912593599162314
2021-04-30,-0.007977634384310206
2021-05-03,0.0004269976372797135
2021-05-04,0.005562827225130906
2021-05-05,0.003947424270292599
2021-05-06,-0.004805659686011543
2021-05-07,0.0027047311553876074
2021-05-10,0.012992882160207886
2021-05-11,-0.010567700200758479
2021-05-12,-0.007341130054952849
2021-05-13,-0.008829082030972768
2021-05-14,0.004511148982485391
2021-05-17,0.0013401385760316575
2021-05-18,0.006036790250014246
2021-05-19,-0.01900651004811782
2021-05-20,0.012680871936177285
2021-05-21,0.0015243033791099148
2021-05-24,0.002218966473692463
2021-05-25,0.009835507174385194
2021-05-26,-0.0031903530469979957
2021-05-27,0.0003383856186112144
2021-05-28,0.011924058126259851
2021-05-31,-0.0024932098335538333
2021-06-01,-0.0026530384271671315
2021-06-02,0.01052837902164483
2021-06-03,0.005860511513203548
2021-06-04,0.004862191980826713
2021-06-07,-0.0018504811250925624
2021-06-08,0.0014693967233827543
2021-06-09,-0.00307160683432528
2021-06-10,0.00444279387087021
2021-06-11,0.0013420061622733126
2021-06-15,0.009189994940032475
2021-06-16,0.0009079205908260057
2021-06-17,-0.003682543120955284
2021-06-18,0.0013452914798206539
2021-06-21,-0.018130250105171664
2021-06-22,0.0147747847359474
2021-06-23,-0.005951894527525758
2021-06-24,-0.003178735356580087
2021-06-25,0.004494660014020102
2021-06-28,-9.578544061294991e-05
2021-06-29,-0.0008347816566994792
2021-06-30,0.0016161726839423185
2021-07-01,-0.006481608095172953
2021-07-02,0.005918299933935334
2021-07-05,0.0008756807049228321
2021-07-06,-0.0072727272727272085
2021-07-07,0.008964719491035167
2021-07-08,0.001979008857770692
2021-07-09,-0.009276159860516997
2021-07-12,0.00827684819820429
2021-07-13,-0.00019090475216465563
2021-07-14,0.003082336574787403
2021-07-15,-0.002556188559696526
2021-07-16,0.001663054294633426
2021-07-19,-0.008451164246540022
2021-07-20,-0.004639033763381817
2021-07-21,0.00779073936184882
2021-07-22,0.010631165597164927
2021-07-23,0.0010830715910321587
2021-07-26,-1.3523747700916466e-05
2021-07-27,0.005017378250814719
2021-07-28,-0.00701079204456756
2021-07-29,0.005163091350127935
2021-07-30,-0.0033434896324856522
2021-08-02,0.013364716067418625
2021-08-03,-0.0022559201217395852
2021-08-04,0.003839721720516387
2021-08-05,0.001052884102782814
2021-08-06,0.0036346207612731884
2021-08-09,0.0
2021-08-10,0.0032102302875942623
2021-08-11,0.0028693835453414973
2021-08-12,0.0005142201653414169
2021-08-13,0.005363590838406873
2021-08-16,-0.0060821350391274676
2021-08-17,-0.009429607649192207
2021-08-18,-0.0011849287711356293
2021-08-19,-0.004998600391890262
2021-08-20,-0.0004956729094660606
2021-08-23,0.003886930531169064
2021-08-24,0.001749022016315438
2021-08-25,0.0038517926162868754
2021-08-26,-0.005403683001633075
2021-08-27,-0.0003871208885091182
2021-08-30,0.002163374864789125
2021-08-31,0.004050902791658206
2021-09-01,-0.00103518294867877
2021-09-02,-0.005500126210625678
2021-09-03,0.004969475132586165
2021-09-06,0.0007443937843119031
2021-09-07,0.00023909145248057762
2021-09-08,-0.0024301820644596628
2021-09-09,-0.018969648562300323
2021-09-10,0.005034262840084125
2021-09-13,0.002511273728836416
2021-09-14,0.0016295857350643317
2021-09-15,-0.0027294851626262773
2021-09-16,0.0058244573277606015
2021-09-17,-0.007573523498029533
2021-09-20,-0.021003012007509758
2021-09-21,0.0035319113710989836
2021-09-22,0.003175781572217984
2021-09-23,0.010045361728953317
2021-09-24,-0.0037448101815418244
2021-09-27,0.005665568054912251
2021-09-28,-0.014707077273096503
2021-09-29,-0.010844466435757982
2021-09-30,0.01882807397835129
2021-10-01,-0.020007637543984047
2021-10-04,0.012942731890613013
2021-10-05,-0.004135467472693555
2021-10-06,-0.005780586060371906
2021-10-07,0.006965933532227853
2021-10-08,0.008736753620791848
2021-10-11,-0.002773186158659069
2021-10-12,-0.0026165100413710896
2021-10-13,-0.001126265331630183
2021-10-14,0.005390168442763743
2021-10-15,0.006879385095121648
2021-10-18,0.0025944036946481397
2021-10-19,-0.0008399832003360697
2021-10-20,0.005261088285942961
2021-10-21,0.00022930520522823628
2021-10-22,1.3485449200434374e-05
2021-10-25,0.0034387431730833473
2021-10-26,0.00032253729337439196
2021-10-27,0.0007120401966842493
2021-10-28,-0.00245680454307462
2021-10-29,-0.014359926787252397
2021-11-01,0.006431175498723407
2021-11-02,-0.006308677484126557
2021-11-03,0.009338776401840443
2021-11-04,0.004774980724227884
2021-11-05,0.003890683898761349
2021-11-08,-0.0006302887258780032
2021-11-09,-0.002415394111805913
2021-11-10,-0.001385488687417613
2021-11-11,-0.005657403790460536
2021-11-12,0.008277001855890864
2021-11-15,0.003641004971113748
2021-11-16,-0.006653190720338542
2021-11-17,-0.006805563042423635
2021-11-18,0.0012618895778775396
2021-11-19,0.002344427580225572
2021-11-22,-0.0058676401000472556
2021-11-23,0.00781983109164841
2021-11-24,-0.0015113486087496852
2021-11-25,0.0010676541341190227
2021-11-26,-0.017280250563633137
2021-11-29,-0.005426345939856803
2021-11-30,0.002237630873781038
2021-12-01,-0.0027701212789416063
2021-12-02,-0.001478737959341614
2021-12-03,0.002214471571721166
2021-12-06,0.0005385847649561626
2021-12-07,0.009496073208099087
2021-12-08,0.012510425354462118
2021-12-09,-0.0028222648337699052
2021-12-10,-0.0041979822601394545
2021-12-13,0.0035085333514652817
2021-12-14,-0.00012196278779841307
2021-12-15,-0.006952726878455939
2021-12-16,-0.004285460823518217
2021-12-17,0.0011376564277587597
2021-12-20,-0.00161555312157724
2021-12-21,0.008611941526562639
2021-12-22,0.0013324269204622041
2021-12-23,0.003095807082337698
2021-12-24,0.004426336022524291
2021-12-29,0.012061506947158573
2021-12-30,0.00047937361847183446
2021-12-31,-0.009156972875129621
2022-01-04,0.019504070064207513
2022-01-05,-0.0031621386597802115
2022-01-06,-0.027426048798540825
2022-01-07,0.012910590761453067
2022-01-10,-0.0008318462962714213
2022-01-11,-0.0076539861154005795
2022-01-12,0.006603428911651887
2022-01-13,0.004772210945166666
2022-01-14,-0.01077009525848227
2022-01-17,0.0031647709598452423
2022-01-18,-0.0011459695576557793
2022-01-19,-0.010298563869992505
2022-01-20,0.0013501534265256687
2022-01-21,-0.022690128568315426
2022-01-24,-0.005058669416650452
2022-01-25,-0.02491771132432241
2022-01-27,-0.017711445644679413
2022-01-28,0.021906029276282046
2022-01-31,-0.002361156823743271
2022-02-01,0.004934304894141928
2022-02-02,0.011661433057379433
2022-02-03,-0.001368568082734889
2022-02-04,0.005962136196665746
2022-02-07,-0.0013201876351787156
2022-02-08,0.010673904483321062
2022-02-09,0.011354307262025687
2022-02-10,0.002779191833028438
2022-02-11,-0.00976881388488715
2022-02-14,0.003685588793593153
2022-02-15,-0.005107745827523824
2022-02-16,0.010822961328726732
2022-02-17,0.0015511537564003586
2022-02-18,-0.010210794660234113
2022-02-21,0.0016478114571361058
2022-02-22,-0.009995023224950272
2022-02-23,0.006199991621632872
2022-02-24,-0.029851367667263373
2022-02-25,0.00102995451034249
2022-02-28,0.007330875417988603
2022-03-01,0.006724262671830461
2022-03-02,0.002846473613753231
2022-03-03,0.004875855382410421
2022-03-04,-0.00567721005677202
2022-03-07,-0.010153569218653291
2022-03-08,-0.00828289716705033
2022-03-09,0.01041502514218573
2022-03-10,0.01103076704948247
2022-03-11,-0.009423907555954458
2022-03-14,0.012146780678407465
2022-03-15,-0.007273337622737519
2022-03-16,0.01096176064474319
2022-03-17,0.010536291671312314
2022-03-18,0.006013129585700883
2022-03-21,-0.002179754332090278
2022-03-22,0.00860067321563518
2022-03-23,0.005012872730244755
2022-03-24,0.0012469672942165833
2022-03-25,0.0025855883905727683
2022-03-28,0.0008371364532417935
2022-03-29,0.00700178079974112
2022-03-30,0.006725345980199027
2022-03-31,-0.0019828331891675877
2022-04-01,-0.0007733745799776148
2022-04-04,0.0026555285702847264
2022-04-05,0.0018898811504317603
2022-04-06,-0.005021320687044084
2022-04-07,-0.006315002469927
2022-04-08,0.004729402912882152
2022-04-11,0.0009628242845680646
2022-04-12,-0.004168225297921158
2022-04-13,0.0033539039441909946
2022-04-14,0.005936622543120773
2022-04-19,0.005555998617646329
2022-04-20,0.0005287368476709631
2022-04-21,0.003117898853247425
2022-04-22,-0.015738594457907484
2022-04-26,-0.020780645765592243
2022-04-27,-0.007761683520087437
2022-04-28,0.013179639728970294
2022-04-29,0.010615884407834786
2022-05-02,-0.011835911230665741
2022-05-03,-0.004192187287328175
2022-05-04,-0.0015718542412728187
2022-05-05,0.008213889687461506
2022-05-06,-0.02160305239860405
2022-05-09,-0.011782502498057124
2022-05-10,-0.009760276377322463
2022-05-11,0.0019145677331517952
2022-05-12,-0.01750958993304741
2022-05-13,0.019319982711424988
2022-05-16,0.0025299995759777705
2022-05-17,0.0027491893416045077
2022-05-18,0.00986994727592272
2022-05-19,-0.016456207275815427
2022-05-20,0.011479934885696208
2022-05-23,0.00046182266009830997
2022-05-24,-0.002811621368322359
2022-05-25,0.0037032880709235716
2022-05-26,-0.006890093917710227
2022-05-27,0.010807920179006114
2022-05-30,0.014465312486947823
2022-05-31,-0.01034776164466289
2022-06-01,0.0031617483913912725
2022-06-02,-0.008031517832457924
2022-06-03,0.008765451023565074
2022-06-06,-0.004489694424490209
2022-06-07,-0.015347681889457898
2022-06-08,0.003579632735318583
2022-06-09,-0.014239373130555788
2022-06-10,-0.012493411399347565
2022-06-14,-0.035487593768032344
2022-06-15,-0.01271313191743939
2022-06-16,-0.0014997727617027667
2022-06-17,-0.01764500614464959
2022-06-20,-0.006394019892506431
2022-06-21,0.014051667858364203
2022-06-22,-0.0023452588981881517
2022-06-23,0.003057540139817183
2022-06-24,0.007704797500153182
2022-06-27,0.019350327572316806
2022-06-28,0.00858932299433346
2022-06-29,-0.00937370631024903
2022-06-30,-0.019715829378227467
2022-07-01,-0.004293479088320895
2022-07-04,0.011116377926268184
2022-07-05,0.0025254816562321203
2022-07-06,-0.005249423016004728
2022-07-07,0.008112821290469308
2022-07-08,0.004512635379061436
2022-07-11,-0.011350703803533979
2022-07-12,0.0006210051195056909
2022-07-13,0.002315971118477922
2022-07-14,0.004379606137489445
2022-07-15,-0.006766306799386501
2022-07-18,0.01233801622865438
2022-07-19,-0.005607812056048211
2022-07-20,0.01648219441770915
2022-07-21,0.005192922239318332
2022-07-22,-0.00041211015115616423
2022-07-25,-0.0002355886034013377
2022-07-26,0.002562629788362303
2022-07-27,0.002335727821603184
2022-07-28,0.009746160159455952
2022-07-29,0.008055503142371911
2022-08-01,0.006882451189310634
2022-08-02,0.0007293007293007747
2022-08-03,-0.00317228962146876
2022-08-04,-0.0001433506787654748
2022-08-05,0.005835209106940686
2022-08-08,0.0007126974171844935
2022-08-09,0.001310429308036376
2022-08-10,-0.0052775327889841295
2022-08-11,0.011197391565489712
2022-08-12,-0.0054447744307736246
2022-08-15,0.004521862779950148
2022-08-16,0.005817986212363513
2022-08-17,0.0031384580741409263
2022-08-18,-0.002090435904990362
2022-08-19,0.00023900573613766518
2022-08-22,-0.00950172183568776
2022-08-23,-0.012076232102058992
2022-08-24,0.005214168749461345
2022-08-25,0.007144796444749302
2022-08-26,0.00794540372582686
2022-08-29,-0.019509860503089782
2022-08-30,0.004708922546837968
2022-08-31,-0.0016432562193675615
2022-09-01,-0.020209537985916293
2022-09-02,-0.002468739044057533
2022-09-05,0.0034413577987024713
2022-09-06,-0.0037506202387553866
2022-09-07,-0.014238628872775161
2022-09-08,0.01774330168070959
2022-09-09,0.006643596594974266
2022-09-12,0.01019697716921475
2022-09-13,0.006490056716203618
2022-09-14,-0.025835627772943126
2022-09-15,0.0020941334973492154
2022-09-16,-0.015169007292229808
2022-09-19,-0.002849045124720062
2022-09-20,0.01287221536034755
2022-09-21,-0.015602961918194658
2022-09-23,-0.018730784155696845
2022-09-26,-0.01601593989079353
2022-09-27,0.004142578909945405
2022-09-28,-0.0052646162371847716
2022-09-29,0.014391829155060432
2022-09-30,-0.012326468344775021
2022-10-03,-0.00267214482098177
2022-10-04,0.03754123495795203
2022-10-05,0.017374949621602243
2022-10-06,0.0002640961309916534
2022-10-07,-0.008023469013567985
2022-10-10,-0.01404743597326552
2022-10-11,-0.0034194186988212305
2022-10-12,0.0003762227238526261
2022-10-13,-0.0007371192177509922
2022-10-14,0.01749315027248355
2022-10-17,-0.013966976386340813
2022-10-18,0.017225856791309058
2022-10-19,0.0030829596412556004
2022-10-20,-0.010205732268643186
2022-10-21,-0.008008082368847202
2022-10-24,0.015366642703091182
2022-10-25,0.002832109036198016
2022-10-26,0.0018091960109434257
2022-10-27,0.0050213628154871515
2022-10-28,-0.00867774028136925
2022-10-31,0.011465287295341797
2022-11-01,0.01652218255991844
2022-11-02,0.0014046352964784958
2022-11-03,-0.01843502655044582
2022-11-04,0.005045276250747355
2022-11-07,0.005977511788175516
2022-11-08,0.0036344231795433224
2022-11-09,0.005805515239477588
2022-11-10,-0.005043361479005082
2022-11-11,0.02785755313038485
2022-11-14,-0.0016345347862530835
2022-11-15,-0.0006576829967954723
2022-11-16,-0.002716478100145747
2022-11-17,0.0018954817331724438
2022-11-18,0.0022562607732949935
2022-11-21,-0.0017478117397018433
2022-11-22,0.00588292969899018
2022-11-23,0.007032152952807902
2022-11-24,0.001382781603473493
2022-11-25,0.0024441437211741857
2022-11-28,-0.0041876162270128026
2022-11-29,0.00334758130334345
2022-11-30,0.00426012987192026
2022-12-01,0.00963729716372419
2022-12-02,-0.007192972914173756
2022-12-05,0.0033006916387043894
2022-12-06,-0.004682210330894443
2022-12-07,-0.008489569761222393
2022-12-08,-0.007455667136968436
2022-12-09,0.0052539892690404155
2022-12-12,-0.004491765097321521
2022-12-13,0.003133355614973299
2022-12-14,0.006663612510932504
2022-12-15,-0.006412643250175876
2022-12-16,-0.007786475682878158
2022-12-19,-0.00207030648929174
2022-12-20,-0.015363265534980797
2022-12-21,0.012926554959213021
2022-12-22,0.0052564264732750665
2022-12-23,-0.006263544215309391
2022-12-28,-0.00299675000351729
2022-12-29,-0.00935594942424911
2022-12-30,0.0026495349069100005
2023-01-03,-0.01314163126713741
2023-01-04,0.01626788747804553
2023-01-05,0.0006233000906619157
2023-01-06,0.006512260037374817
2023-01-09,0.0058653088781366325
2023-01-10,-0.0028386447219387323
2023-01-11,0.009016968167157469
2023-01-12,0.011827164954901104
2023-01-13,0.006551837811109351
2023-01-16,0.008201307296570759
2023-01-17,-0.0002571668335994426
2023-01-18,0.0009612390506748003
2023-01-19,0.005667216706792599
2023-01-20,0.002272941239761739
2023-01-23,0.0006843616650116235
2023-01-24,0.004438603784211459
2023-01-25,-0.0029504432340061726
2023-01-27,0.003414431664501949
2023-01-30,-0.0016146681256505868
2023-01-31,-0.000668297312108157
2023-02-01,0.0033437211604050443
2023-02-02,0.0013197008678034194
2023-02-03,0.006190425475264938
2023-02-06,-0.0025270901417023817
2023-02-07,-0.00462926117522211
2023-02-08,0.0034647725909835447
2023-02-09,-0.005285454376435905
2023-02-10,-0.007556439661962844
2023-02-13,-0.002138907946244717
2023-02-14,0.001766022270754064
2023-02-15,-0.010590910925998176
2023-02-16,0.007902396561573433
2023-02-17,-0.00856915374546241
2023-02-20,0.0006397343060924321
2023-02-21,-0.002067605250629101
2023-02-22,-0.002971525155732513
2023-02-23,-0.003978399070339811
2023-02-24,0.002964833777143294
2023-02-27,-0.011249486793485697
2023-02-28,0.004650647768796201
2023-03-01,-0.0009368455858039804
2023-03-02,0.0005240222847371356
2023-03-03,0.0038867602061913864
2023-03-06,0.006178263496073422
2023-03-07,0.004925906721611195
2023-03-08,-0.007726044509620111
2023-03-09,0.00045157229261882925
2023-03-10,-0.022759913008986388
2023-03-13,-0.005024703626464344
2023-03-14,-0.014053004726536256
2023-03-15,0.00856054445062715
2023-03-16,-0.014627452644683014
2023-03-17,0.004206446055559532
2023-03-20,-0.013767370046320115
2023-03-21,0.008248169892005386
2023-03-22,0.008655145642235018
2023-03-23,-0.006699355721534905
2023-03-24,-0.0019229113451769697
2023-03-27,0.0009776857602945555
2023-03-28,0.01035621947716181
2023-03-29,0.002303066490382477
2023-03-30,0.01021233139015365
2023-03-31,0.0077924266037656675
2023-04-03,0.006297194126333894
2023-04-04,0.0017998061747197536
2023-04-05,0.00016583747927034764
2023-04-06,-0.002514784723373631
2023-04-11,0.012591771713533761
2023-04-12,0.004651226418965981
2023-04-13,-0.0026961151431799113
2023-04-14,0.005120083013612664
2023-04-17,0.002703216692023336
2023-04-18,-0.0028855923592765453
2023-04-19,0.0007200891280128019
2023-04-20,-0.0004480347566356846
2023-04-21,-0.004319361060552529
2023-04-24,-0.0011459129106187183
2023-04-26,-0.000778475826276992
2023-04-27,-0.003225674179571647
2023-04-28,0.00226253650911179
2023-05-01,0.0034750725113557035
2023-05-02,-0.009162053827066363
2023-05-03,-0.009632055480639612
2023-05-04,-0.0005974379637090355
2023-05-05,0.0037396949854722195
2023-05-08,0.007825484764542923
2023-05-09,-0.0017041159898302238
2023-05-10,-0.0011563717459837086
2023-05-11,-0.0005237261739047261
2023-05-12,0.0006618955032473561
2023-05-15,0.0014331583226536715
2023-05-16,-0.004458449725475155
2023-05-17,-0.004906906989923576
2023-05-18,0.005222802533614956
2023-05-19,0.005900397965951765
2023-05-22,-0.002225427570574867
2023-05-23,-0.00046810678341813183
2023-05-24,-0.006349949723825299
2023-05-25,-0.010479913499126692
2023-05-26,0.002325516236586278
2023-05-29,0.008749371051601562
2023-05-30,-0.0011222878044724327
2023-05-31,-0.01636774721540235
2023-06-01,0.002749848405793065
2023-06-02,0.004823648534623359
2023-06-05,0.00996487103049648
2023-06-06,-0.012014467247758565
2023-06-07,-0.0016270197486535354
2023-06-08,-0.002570946895195325
2023-06-09,0.0032114032987309304
2023-06-13,0.0023025623025623165
2023-06-14,0.003193769348218911
2023-06-15,0.0018989904631583343
2023-06-16,0.010577954928713718
2023-06-19,0.0060265887025594544
2023-06-20,0.008622462268160103
2023-06-21,-0.005830547174427214
2023-06-22,-0.016322847885822056
2023-06-23,-0.013383364602876813
2023-06-26,-0.0028876493125985503
2023-06-27,0.005580120643621012
2023-06-28,0.010999971903009165
2023-06-29,-0.00022233029945117888
2023-06-30,0.001167493641329287
2023-07-03,0.0059417211555814475
2023-07-04,0.004540373442265544
2023-07-05,-0.0035444429179832815
2023-07-06,-0.012380742293056857
2023-07-07,-0.016905380126755354
2023-07-10,-0.00543856410547694
2023-07-11,0.01497715591090798
2023-07-12,0.0037699222101872376
2023-07-13,0.015583614782011646
2023-07-14,0.0077550400861059465
2023-07-17,-0.0006298695074694605
2023-07-18,-0.0020141124888675144
2023-07-19,0.005477909882204202
2023-07-20,0.0001775059054849315
2023-07-21,-0.0015153583617747435
2023-07-24,-0.001025444701185374
2023-07-25,0.004557648089346333
2023-07-26,0.008488085344087626
2023-07-27,0.007281815725479479
2023-07-28,-0.007014579058195469
2023-07-31,0.0009184720946564529
2023-08-01,0.005438302925617977
2023-08-02,-0.012898116955453731
2023-08-03,-0.005833084056236948
2023-08-04,0.001860032550569768
2023-08-07,-0.0021978622035958573
2023-08-08,0.0002599463689596515
2023-08-09,0.003679336898688268
2023-08-10,0.0026437721449985574
2023-08-11,-0.0023513741267294774
2023-08-14,-0.0085966131251618
2023-08-15,0.003847739453071375
2023-08-16,-0.015030800821355217
2023-08-17,-0.006837891927951922
2023-08-18,0.0002938706968933502
2023-08-21,-0.004560652481078953
2023-08-22,0.0008572833954043624
2023-08-23,0.003763199281060281
2023-08-24,0.004714341670863487
2023-08-25,-0.009314824354993756
2023-08-28,0.006268270744322013
2023-08-29,0.00708120338556939
2023-08-30,0.012093474793703596
2023-08-31,0.0010414240103047145
2023-09-01,-0.003695946778366377
2023-09-04,0.005564486212439768
2023-09-05,-0.0006148548942449539
2023-09-06,-0.007820297225981987
2023-09-07,-0.011864243292775356
2023-09-08,-0.001994143076279431
2023-09-11,0.0049743596909190835
2023-09-12,0.0020299486951322887
2023-09-13,-0.0073540634669553295
2023-09-14,0.00455695494765096
2023-09-15,0.01287135601474998
2023-09-18,-0.006676741310619683
2023-09-19,-0.004674706793538319
2023-09-20,-0.0046271850596114605
2023-09-21,-0.013694805466754167
2023-09-22,0.0005095397157901527
2023-09-25,0.001089293798098634
2023-09-26,-0.005412280081961485
2023-09-27,-0.0011224460799635905
2023-09-28,-0.0007823279234172587
2023-09-29,0.0033879968112970893
2023-10-02,-0.002184831030275558
2023-10-03,-0.012768014559517704
2023-10-04,-0.0076619523576345605
2023-10-05,0.005123218484224035
2023-10-06,0.004144105118764063
2023-10-09,0.002300767881280308
2023-10-10,0.010100140598548135
2023-10-11,0.00678919410277512
2023-10-12,0.00036679645618198364
2023-10-13,-0.005640953321111253
2023-10-16,-0.003474684441923115
2023-10-17,0.004212623639080704
2023-10-18,0.003047008970961329
2023-10-19,-0.013563919972872207
2023-10-20,-0.011587601695886462
2023-10-23,-0.008202066457026036
2023-10-24,0.0018702239885448613
2023-10-25,-0.0003791800959616065
2023-10-26,-0.006127540376114293
2023-10-27,0.00214318218516496
2023-10-30,-0.007909885892572022
2023-10-31,0.0011516484814482197
2023-11-01,0.008494698187502925
2023-11-02,0.008978839770118263
2023-11-03,0.011377306259692466
2023-11-06,0.002751425869135238
2023-11-07,-0.002901077543087327
2023-11-08,0.0026228662338219078
2023-11-09,0.0027875461017239367
2023-11-10,-0.005474062352991416
2023-11-13,-0.003970472299863803
2023-11-14,0.008332373935067805
2023-11-15,0.014157877460145185
2023-11-16,-0.006684586048213426
2023-11-17,-0.0012750765045902446
2023-11-20,0.0012767044003745287
2023-11-21,0.0028051683100986935
2023-11-22,-0.0006781385097907044
2023-11-23,-0.006248762971131305
2023-11-24,0.001650258919934089
2023-11-27,-0.007555959550051061
2023-11-28,0.003949854027133659
2023-11-29,0.002865206979131063
2023-11-30,0.007391298167810811
2023-12-01,-0.0019894741297814544
2023-12-04,0.00728100435446466
2023-12-05,-0.00885651325669845
2023-12-06,0.01654016087005772
2023-12-07,-0.0007104647275157916
2023-12-08,0.003011166408765753
2023-12-11,0.0005698480868392419
2023-12-12,0.005042366995416048
2023-12-13,0.003109753569306095
2023-12-14,0.016547714183361206
2023-12-15,0.008782987028829403
2023-12-18,-0.0021900654332432934
2023-12-19,0.00844285252612309
2023-12-20,0.006516136785461368
2023-12-21,-0.004484007482189911
2023-12-22,-0.00033315121067145625
2023-12-27,0.007944971739362261
2023-12-28,0.007022694810347563
2023-12-29,-0.0030862981495344277
2024-01-02,0.0048743215471360735
2024-01-03,-0.013712997194472942
2024-01-04,-0.003868034878774962
2024-01-05,-0.0006671915239988557
2024-01-08,-0.005020629982240954
2024-01-09,0.009259880560960942
2024-01-10,-0.00691443388072599
2024-01-11,0.005021088572002341
2024-01-12,-0.001025845989874763
2024-01-15,-0.0002667271248149028
2024-01-16,-0.01087203020156613
2024-01-17,-0.002926579273884622
2024-01-18,-0.006303174581704596
2024-01-19,0.01016810726196149
2024-01-22,0.007465099983830159
2024-01-23,0.005122649332584217
2024-01-24,0.0005721965694820419
2024-01-25,0.004814341951271395
2024-01-29,0.0030441803213596685
2024-01-30,0.002876596643090812
2024-01-31,0.010591826530880866
2024-02-01,-0.01204317314828074
2024-02-02,0.014654331725573844
2024-02-05,-0.009546198405070538
2024-02-06,-0.005809150395363116
2024-02-07,0.004510921177587779
2024-02-08,0.003072559678563014
2024-02-09,0.0007330610535134507
2024-02-12,-0.003911155295102664
2024-02-13,-0.0014839328159266252
2024-02-14,-0.007351780735441182
2024-02-15,0.007684460166673235
2024-02-16,0.006915865732279869
2024-02-19,0.0008879255187181911
2024-02-20,-0.0007958147969368001
2024-02-21,-0.006606606606606613
2024-02-22,0.00036801429998423174
2024-02-23,0.004256884591128829
2024-02-26,0.0012036213302633048
2024-02-27,0.0013328454944594448
2024-02-28,-0.00033929270520693944
2024-02-29,0.004999738917027763
2024-03-01,0.006091937599854491
2024-03-04,-0.0012652344556910444
2024-03-05,-0.0014995217042840236
2024-03-06,0.0012040081820772208
2024-03-07,0.0039050882524083175
2024-03-08,0.010729420250653599
2024-03-11,-0.0181980374665478
2024-03-12,0.0010773344409542585
2024-03-13,0.002191247974068
2024-03-14,-0.0020441431417702605
2024-03-15,-0.005613461937357456
2024-03-18,0.0007170514842966824
2024-03-19,0.0035696604914146057
2024-03-20,-0.0009606397341364037
2024-03-21,0.011200914784687654
2024-03-22,-0.0014649190439475213
2024-03-25,0.0053149048979486135
2024-03-26,-0.004057911647614487
2024-03-27,0.005064137168710348
2024-03-28,0.009885416133817548
2024-04-02,-0.0011396877255631654
2024-04-03,-0.013362238365090762
2024-04-04,0.004471570831994898
2024-04-05,-0.005628541823903377
2024-04-08,0.0020325987675762214
2024-04-09,0.004506297261557712
2024-04-10,0.00310574883055148
2024-04-11,-0.004446709562336726
2024-04-12,-0.003263540493498529
2024-04-15,-0.004571076385768036
2024-04-16,-0.018058690744920947
2024-04-17,-0.000906403940886702
2024-04-18,0.004799095403386966
2024-04-19,-0.009787885528846796
2024-04-22,0.010822882666208455
2024-04-23,0.00448412905924811
2024-04-24,-6.507451031434464e-05
2024-04-26,-0.013939867239359693
2024-04-29,0.00811784738446919
2024-04-30,0.003495954120512401
2024-05-01,-0.012291071358672356
2024-05-02,0.002258946617524682
2024-05-03,0.005535784895215556
2024-05-06,0.006999606763664845
2024-05-07,0.014435593043840456
2024-05-08,0.001437131895345889
2024-05-09,-0.010622077006855024
2024-05-10,0.0035484873601325795
2024-05-13,0.00012904890953668868
2024-05-14,-0.002993548387096756
2024-05-15,0.0034813894497074394
2024-05-16,0.01645665940131802
2024-05-17,-0.00848844733736831
2024-05-20,0.006308865683865683
2024-05-21,-0.0015259992115670418
2024-05-22,-0.0004584994332437198
2024-05-23,-0.004625323326665098
2024-05-24,-0.010778565759491987
2024-05-27,0.007854961436927432
2024-05-28,-0.0027733908555140907
2024-05-29,-0.013017111514542767
2024-05-30,-0.004878939678564009
2024-05-31,0.009635300595160157
2024-06-03,0.007699598789877582
2024-06-04,-0.0030795000644245896
2024-06-05,0.004122991818640065
2024-06-06,0.006796241472519116
2024-06-07,0.004883786340740048
2024-06-11,-0.013307888040712479
2024-06-12,-0.005144802331278786
2024-06-13,0.004432635603655033
2024-06-14,-0.0032775462275959066
2024-06-17,-0.003107077663995428
2024-06-18,0.010103502460943048
2024-06-19,-0.0010799552589965122
2024-06-20,-3.8611529402654554e-05
2024-06-21,0.003423687800859776
2024-06-24,-0.007991277578245248
2024-06-25,0.013589872893957633
2024-06-26,-0.007118436495382019
2024-06-27,-0.0030065527431580863
2024-06-28,0.001018093716170787
2024-07-01,-0.0021628580624396543
2024-07-02,-0.004193169649193029
2024-07-03,0.002811536368583223
2024-07-04,0.011873538417809026
2024-07-05,-0.0012130033964095066
2024-07-08,-0.007555322603326475
2024-07-09,0.008566055234954684
2024-07-10,-0.0016475727039350074
2024-07-11,0.009313273974004721
2024-07-12,0.008834414925978473
2024-07-15,0.0073247647406178285
2024-07-16,-0.0022824785471962095
2024-07-17,0.007325640993586902
2024-07-18,-0.0026557788009282657
2024-07-19,-0.0080756548248615
2024-07-22,-0.005005268703898946
2024-07-23,0.004967409256527722
2024-07-24,-0.0009283536776606427
2024-07-25,-0.012870901716538818
2024-07-26,0.007645143235129437
2024-07-29,0.008622322093595702
2024-07-30,-0.00455592269950944
2024-07-31,0.017489815420208332
2024-08-01,0.0027680634677409444
2024-08-02,-0.02113448433090559
2024-08-05,-0.036962433276261364
2024-08-06,0.004052499477096738
2024-08-07,0.0024998047027575687
2024-08-08,-0.0023117483571002406
2024-08-09,0.012457693309034124
2024-08-12,0.00462861771474854
2024-08-13,0.0016765424830746944
2024-08-14,0.0030536106710277178
2024-08-15,0.0018851822130510065
2024-08-16,0.013425719916089207
2024-08-19,0.0011667147570597614
2024-08-20,0.0021678111372864795
2024-08-21,0.0016004601322880951
2024-08-22,0.002059796517071444
2024-08-23,-0.00038619658652050415
2024-08-26,0.007552437094181075
2024-08-27,-0.0016451233842538215
2024-08-28,2.4779462781232553e-05
2024-08-29,-0.0032584186138711058
2024-08-30,0.005817205503971357
2024-09-02,0.0022244466688912112
2024-09-03,-0.0008261507540167079
2024-09-04,-0.01884440714779345
2024-09-05,0.004012326268788113
2024-09-06,0.003883543796352029
2024-09-09,-0.0031572116704519093
2024-09-10,0.0029794319049585294
2024-09-11,-0.0029955441281094286
2024-09-12,0.010991624832559221
2024-09-13,0.0029966442537487925
2024-09-16,0.0026790454203138303
2024-09-17,0.0023763790386130967
2024-09-18,0.00014740384969735842
2024-09-19,0.006116358187691073
2024-09-20,0.002148463726363792
2024-09-23,-0.006894451550033542
2024-09-24,-0.0013369475892013316
2024-09-25,-0.0019159911569639476
2024-09-26,0.009512207127387429
2024-09-27,0.0010361178492630518
2024-09-30,0.007013954847665538
2024-10-01,-0.00736414423565257
2024-10-02,-0.001303463314207609
2024-10-03,0.0008538459661877607
2024-10-04,-0.006727441134890211
2024-10-07,0.006797546012269784
2024-10-08,-0.003473322446193916
2024-10-09,0.001284105223250842
2024-10-10,0.0043481447101645365
2024-10-11,-0.0010336860026753936
2024-10-14,0.004662487065554721
2024-10-15,0.007948817371074002
2024-10-16,-0.004051259857664857
2024-10-17,0.00859415549144793
2024-10-18,-0.008700439210617472
2024-10-21,0.007388448908634215
2024-10-22,-0.01662192608216273
2024-10-23,0.0012552250265058795
2024-10-24,-0.0011806231742941264
2024-10-25,0.0006092879860595257
2024-10-28,0.0012421906397281912
2024-10-29,0.003369214863467862
2024-10-30,-0.008340202686321185
2024-10-31,-0.0024937655860348684
2024-11-01,-0.005049019607843097
2024-11-04,0.005641227767650303
2024-11-05,-0.004017343164392617
2024-11-06,0.008325340023119132
2024-11-07,0.003268491981218258
2024-11-08,0.008363419763441682
2024-11-11,-0.0034839845209821974
2024-11-12,-0.0012823304541386138
2024-11-13,-0.007534279761616469
2024-11-14,0.0037347133058316384
2024-11-15,0.007441634241245332
2024-11-18,0.0018104572007917596
2024-11-19,0.008891352015613974
2024-11-20,-0.005696202531645711
2024-11-21,-0.0003963345063232593
2024-11-22,0.008506548119668222
2024-11-25,0.002835426147871134
2024-11-26,-0.006914084774757745
2024-11-27,0.005658300834988195
2024-11-28,0.004472623026871236
2024-11-29,-0.0009592269341447413
2024-12-02,0.0013868803489720527
2024-12-03,0.0055990246096664364
2024-12-04,-0.0038374611545343162
2024-12-05,0.0014534540212227665
2024-12-06,-0.006371756598897882
2024-12-09,0.0002493795200038118
2024-12-10,-0.0035616763623411707
2024-12-11,-0.0046943881806266186
2024-12-12,-0.002789216625167734
2024-12-13,-0.00411749876955203
2024-12-16,-0.0056051108968177
2024-12-17,0.007818655676101516
2024-12-18,-0.0005532836179937828
2024-12-19,-0.01699280333116704
2024-12-20,-0.012389510540878002
2024-12-23,0.01668526093963063
2024-12-24,0.0023531993757315295
2024-12-27,0.004975124378109319
2024-12-30,-0.0032438451669126733
2024-12-31,-0.009216757741347892
2025-01-02,0.00515988283021418
2025-01-03,0.006011315417255858
2025-01-06,0.000836312950730278
2025-01-07,0.003354566812798332
2025-01-08,0.007724710625098163
2025-01-09,-0.0023834904360948705
2025-01-10,-0.0042140901887336435
2025-01-13,-0.01232201203264982
2025-01-14,0.004773007483001468
2025-01-15,-0.002150406997934673
2025-01-16,0.013843400338475531
2025-01-17,-0.001993515071454399
2025-01-20,0.004452252599152828
2025-01-21,0.006588877973980001
2025-01-22,0.003260973055317473
2025-01-23,-0.0060618282758783115
2025-01-24,0.0036043777674339417
2025-01-28,-0.0011654318638584238
2025-01-29,0.005702991987236672
2025-01-30,0.0055285900319641534
2025-01-31,0.004544544780248794
2025-02-03,-0.01792013876680376
2025-02-04,-0.0006444375492278276
2025-02-05,0.005122999761165481
2025-02-06,0.012332331380912276
2025-02-07,-0.0010914596218621897
2025-02-10,-0.0033601992621661303
2025-02-11,0.00014146272457216114
2025-02-12,0.006046676096181036
2025-02-13,0.0005506543413822396
2025-02-14,0.0018501170960185664
2025-02-17,-0.0021856518385188206
2025-02-18,-0.006571318129107162
2025-02-19,-0.00728687654757687
2025-02-20,-0.011450019004181078
2025-02-21,-0.003196039794299832
2025-02-24,0.001446445360526516
2025-02-25,-0.006776437736212504
2025-02-26,-0.0013572631757533538
2025-02-27,0.003337095149683833
2025-02-28,-0.011586560557316106
2025-03-03,0.008969213450149338
2025-03-04,-0.0057727057739185295
2025-03-05,-0.006952830533904164
2025-03-06,-0.005699475500853812
2025-03-07,-0.018098261825639006
2025-03-10,0.0017739865629955442
2025-03-11,-0.009067731685568181
2025-03-12,-0.013168400907466404
2025-03-13,-0.0047648403585830446
2025-03-14,0.005239318114361513
2025-03-17,0.008267327368191468
2025-03-18,0.0008021288244355329
2025-03-19,-0.004083761640628958
2025-03-20,0.011573393968038914
2025-03-21,0.0015532460316458607
2025-03-24,0.0007186806536210177
2025-03-25,0.000705565145081799
2025-03-26,0.007113629209946515
2025-03-27,-0.0037504688086010818
2025-03-28,0.0016313213703098572
2025-03-31,-0.01736406915560018
2025-04-01,0.010429150623454175
2025-04-02,0.001173471962852668
2025-04-03,-0.009427185077824696
2025-04-04,-0.024415690166291304
2025-04-07,-0.042319830981507045
2025-04-08,0.022700965505971338
2025-04-09,-0.01797603195739017
2025-04-10,0.04536949152542369
2025-04-11,-0.008184601016913984
2025-04-14,0.013352514222193301
2025-04-15,0.001690627984409998
2025-04-16,-0.0003607457129237712
2025-04-17,0.0077588317931667206
2025-04-22,-0.00030694069649961353
2025-04-23,0.013279261069249149
2025-04-24,0.006022347074048362
2025-04-28,0.0036269169950553515
2025-04-29,0.009190831676482825
2025-04-30,0.006889202785418602
2025-05-01,0.0023873397159803744
2025-05-02,0.011343547436652779
2025-05-05,-0.009735372663267738
2025-05-06,-0.000784525239648004
2025-05-07,0.003300046617759067
2025-05-08,0.0016384823251776037
2025-05-09,0.004821953928977107
2025-05-12,0.0002794246282435964
2025-05-13,0.004311653610250765
2025-05-14,0.001281896238964908
2025-05-15,0.0021619401903472113
2025-05-16,0.005567942151250449
2025-05-19,-0.005824754006016564
2025-05-20,0.005810659304890775
2025-05-21,0.005213764337852034
2025-05-22,-0.004542853054800178
2025-05-23,0.0014613053529290987
2025-05-26,1.1960434881386206e-05
2025-05-27,0.005573495993302258
2025-05-28,-0.0012726580712689728
2025-05-29,0.001536281246650617
2025-05-30,0.0029608314109730305
2025-06-02,-0.002442291960591425
2025-06-03,0.006251411321472444
2025-06-04,0.008870043818725026
2025-06-05,-0.00033950689550210633
2025-06-06,-0.0027169775966457976
2025-06-10,0.008396256326549834
2025-06-11,0.0005706167318799693
2025-06-12,-0.003142421526751371
2025-06-13,-0.0020665257848712093
2025-06-16,0.00011699464164549589
2025-06-17,-0.0008305647840531893
2025-06-18,-0.0011824897849271876
2025-06-19,-0.0008791260315078597
2025-06-20,-0.0021352229665522193
