Date,CLOSE,Return
2015-06-25,53.3,-0.011315154887775902
2015-06-26,52.2,-0.02063789868667909
2015-06-29,50.41,-0.03429118773946371
2015-06-30,50.075,-0.0066455068438801
2015-07-01,50.385,0.006190713929106195
2015-07-02,50.83,0.008831993648903413
2015-07-06,50.95,0.002360810544953962
2015-07-07,53.29,0.045927379784101996
2015-07-08,52.475,-0.015293676111840848
2015-07-09,52.46,-0.0002858504049547683
2015-07-10,52.51,0.0009531071292412374
2015-07-13,52.84,0.006284517234812492
2015-07-14,53.3,0.008705526116578266
2015-07-15,52.58,-0.013508442776735463
2015-07-16,52.5,-0.001521491061239999
2015-07-17,52.19,-0.005904761904761968
2015-07-20,51.85,-0.006514657980455918
2015-07-21,52.12,0.005207328833172431
2015-07-22,52.0,-0.002302379125095899
2015-07-23,52.345,0.006634615384615294
2015-07-24,51.78,-0.010793772089024656
2015-07-27,51.05,-0.014098107377365832
2015-07-28,50.89,-0.0031341821743388065
2015-07-29,50.09,-0.01572018078207893
2015-07-30,50.6,0.010181672988620383
2015-07-31,50.58,-0.00039525691699615617
2015-08-03,53.3,0.05377619612495055
2015-08-04,54.15,0.01594746716697948
2015-08-05,54.11,-0.000738688827331524
2015-08-06,52.94,-0.02162262058769182
2015-08-07,53.03,0.0017000377786173804
2015-08-10,54.38,0.025457288327361827
2015-08-11,54.06,-0.005884516366311154
2015-08-12,54.82,0.014058453570107154
2015-08-13,54.61,-0.00383071871579721
2015-08-14,54.86,0.0045779161325765205
2015-08-17,55.4,0.009843237331389032
2015-08-18,54.59,-0.01462093862815872
2015-08-19,54.32,-0.004945960798681148
2015-08-20,53.1,-0.022459499263623006
2015-08-21,51.76,-0.025235404896421954
2015-08-24,49.39,-0.04578825347758886
2015-08-25,48.17,-0.024701356549908904
2015-08-26,49.13,0.01992941664936687
2015-08-27,50.0,0.0177081213108079
2015-08-28,47.52,-0.04959999999999998
2015-08-31,46.75,-0.01620370370370372
2015-09-01,45.49,-0.026951871657753923
2015-09-02,45.99,0.010991426687184003
2015-09-03,45.94,-0.0010871928680148413
2015-09-04,45.37,-0.012407488027862401
2015-09-08,46.81,0.031739034604364225
2015-09-09,46.16,-0.013885921811578883
2015-09-10,46.23,0.0015164644714038555
2015-09-11,46.3,0.00151416828898987
2015-09-14,46.15,-0.003239740820734305
2015-09-15,46.62,0.010184182015167798
2015-09-16,46.9,0.006006006006006093
2015-09-17,46.78,-0.0025586353944562212
2015-09-18,46.48,-0.006412997007268162
2015-09-21,47.41,0.020008605851979278
2015-09-22,46.93,-0.01012444631934184
2015-09-23,46.92,-0.00021308331557634563
2015-09-24,47.05,0.002770673486785835
2015-09-25,46.97,-0.0017003188097768351
2015-09-28,46.14,-0.017670853736427516
2015-09-29,45.24,-0.01950585175552666
2015-09-30,44.14,-0.02431476569407609
2015-10-01,43.14,-0.02265518803806077
2015-10-02,44.0,0.019935095039406603
2015-10-05,44.29,0.006590909090909092
2015-10-06,44.8,0.011515014675999025
2015-10-07,45.9,0.024553571428571397
2015-10-08,47.31,0.030718954248366126
2015-10-09,51.57,0.09004438807863036
2015-10-12,51.55,-0.0003878223773512435
2015-10-13,52.08,0.010281280310378227
2015-10-14,51.37,-0.013632872503840265
2015-10-15,52.16,0.015378625656998324
2015-10-16,52.04,-0.0023006134969324465
2015-10-19,52.44,0.00768639508070712
2015-10-20,52.0,-0.008390541571319576
2015-10-21,51.13,-0.016730769230769216
2015-10-22,52.59,0.02855466458048106
2015-10-23,52.39,-0.0038030043734550434
2015-10-26,53.61,0.023286886810460095
2015-10-27,54.1,0.009140085804887121
2015-10-28,55.5,0.025878003696857554
2015-10-29,55.06,-0.007927927927927847
2015-10-30,55.19,0.00236106066109687
2015-11-02,56.89,0.030802681645225594
2015-11-03,57.93,0.018280892951309635
2015-11-04,57.83,-0.0017262213015708516
2015-11-05,63.49,0.09787307625799757
2015-11-06,63.88,0.00614269963773828
2015-11-09,63.51,-0.005792110206637502
2015-11-10,63.36,-0.002361832782239004
2015-11-11,62.12,-0.019570707070707072
2015-11-12,61.75,-0.005956213779781061
2015-11-13,60.45,-0.021052631578947323
2015-11-16,60.93,0.007940446650124056
2015-11-17,61.25,0.005251928442475018
2015-11-18,61.25,0.0
2015-11-19,62.39,0.018612244897959096
2015-11-20,60.55,-0.0294919057541273
2015-11-23,62.71,0.03567299752270858
2015-11-24,63.08,0.0059001754106202675
2015-11-25,62.92,-0.0025364616360177283
2015-11-27,63.05,0.0020661157024792765
2015-11-30,63.47,0.006661379857256122
2015-12-01,64.72,0.019694343784464996
2015-12-02,64.55,-0.002626699629171836
2015-12-03,64.41,-0.0021688613477923724
2015-12-04,65.29,0.013662474770998356
2015-12-07,63.75,-0.02358707305866148
2015-12-08,63.96,0.0032941176470588918
2015-12-09,63.25,-0.011100687929956221
2015-12-10,63.24,-0.00015810276679839586
2015-12-11,61.1,-0.033839342188488275
2015-12-14,60.74,-0.005891980360065441
2015-12-15,61.09,0.005762265393480348
2015-12-16,61.93,0.01375020461613996
2015-12-17,60.74,-0.019215243016308725
2015-12-18,59.52,-0.020085610800131715
2015-12-21,60.16,0.010752688172043001
2015-12-22,60.985,0.013713430851063801
2015-12-23,62.04,0.017299335902271062
2015-12-24,61.85,-0.0030625402965828163
2015-12-28,61.86,0.00016168148746964484
2015-12-29,62.22,0.005819592628516057
2015-12-30,62.25,0.00048216007714563247
2015-12-31,60.93,-0.02120481927710849
2016-01-04,60.31,-0.010175611357295167
2016-01-05,60.39,0.0013264798540872924
2016-01-06,59.54,-0.014075178009604228
2016-01-07,55.98,-0.05979173664763193
2016-01-08,55.06,-0.01643444087173984
2016-01-11,55.23,0.00308754086451124
2016-01-12,54.79,-0.007966684772768406
2016-01-13,50.87,-0.07154590253695936
2016-01-14,52.65,0.03499115392176133
2016-01-15,49.4,-0.06172839506172845
2016-01-19,47.59,-0.036639676113360276
2016-01-20,47.9,0.0065139735238495255
2016-01-21,47.87,-0.0006263048016701411
2016-01-22,49.03,0.024232295801128068
2016-01-25,47.97,-0.021619416683663073
2016-01-26,48.42,0.009380863039399667
2016-01-27,46.49,-0.0398595621643949
2016-01-28,45.27,-0.02624220262422028
2016-01-29,46.82,0.03423901038215149
2016-02-01,47.65,0.017727466894489563
2016-02-02,45.89,-0.036935991605456464
2016-02-03,49.56,0.07997385051209416
2016-02-04,49.51,-0.0010088781275222614
2016-02-05,46.17,-0.06746111896586537
2016-02-08,43.45,-0.05891271388347408
2016-02-09,42.64,-0.01864211737629462
2016-02-10,43.72,0.025328330206378924
2016-02-11,43.26,-0.01052150045745659
2016-02-12,44.92,0.038372630605640445
2016-02-16,44.89,-0.0006678539626001623
2016-02-17,46.67,0.03965248384940967
2016-02-18,47.75,0.023141204199699894
2016-02-19,49.91,0.04523560209424082
2016-02-22,50.35,0.00881586856341432
2016-02-23,49.69,-0.013108242303872975
2016-02-24,49.18,-0.010263634534111499
2016-02-25,49.42,0.004880032533550294
2016-02-26,51.19,0.03581545932820718
2016-02-29,51.74,0.010744285993358194
2016-03-01,54.31,0.049671434093544686
2016-03-02,54.41,0.0018412815319461817
2016-03-03,54.79,0.00698401029222584
2016-03-04,56.25,0.02664719839386742
2016-03-07,58.17,0.03413333333333335
2016-03-08,56.86,-0.022520199415506315
2016-03-09,56.69,-0.0029897995075625072
2016-03-10,55.95,-0.013053448579996352
2016-03-11,56.61,0.011796246648793529
2016-03-14,56.7,0.0015898251192369983
2016-03-15,56.32,-0.006701940035273468
2016-03-16,56.97,0.011541193181818121
2016-03-17,57.06,0.0015797788309637184
2016-03-18,57.81,0.013144058885383725
2016-03-21,58.17,0.0062272963155163286
2016-03-22,57.98,-0.003266288464844558
2016-03-23,57.29,-0.011900655398413229
2016-03-24,57.37,0.0013964042590328685
2016-03-28,57.11,-0.004531985358201096
2016-03-29,58.23,0.0196112764839782
2016-03-30,57.9,-0.005667181865018023
2016-03-31,58.31,0.007081174438687388
2016-04-01,57.77,-0.009260847196021271
2016-04-04,58.19,0.007270209451272214
2016-04-05,57.11,-0.01855989001546654
2016-04-06,57.78,0.01173174575380842
2016-04-07,56.39,-0.024056767047421213
2016-04-08,56.76,0.0065614470650823264
2016-04-11,56.87,0.0019379844961240345
2016-04-12,55.92,-0.01670476525408815
2016-04-13,57.71,0.03201001430615169
2016-04-14,58.08,0.006411367180731098
2016-04-15,58.42,0.005853994490358172
2016-04-18,59.14,0.012324546388223112
2016-04-19,59.13,-0.000169090294217078
2016-04-20,59.39,0.004397091155081911
2016-04-21,60.07,0.01144973901330193
2016-04-22,59.54,-0.008823039786915232
2016-04-25,59.99,0.007557944239166892
2016-04-26,61.01,0.017002833805634276
2016-04-27,61.4,0.00639239468939512
2016-04-28,61.39,-0.00016286644951135631
2016-04-29,59.82,-0.02557419775207692
2016-05-02,61.37,0.02591106653293207
2016-05-03,60.34,-0.016783444679810855
2016-05-04,58.73,-0.026682134570765736
2016-05-05,58.46,-0.004597309722458642
2016-05-06,58.66,0.003421142661648835
2016-05-09,58.79,0.002216160927378086
2016-05-10,59.57,0.013267562510631103
2016-05-11,59.03,-0.009064965586704665
2016-05-12,58.06,-0.01643232254785698
2016-05-13,57.87,-0.003272476748191644
2016-05-16,59.08,0.0209089338171764
2016-05-17,57.98,-0.018618821936357555
2016-05-18,57.76,-0.0037944118661606963
2016-05-19,57.52,-0.0041551246537395725
2016-05-20,56.19,-0.023122392211404774
2016-05-23,56.96,0.013703505961915052
2016-05-24,58.46,0.026334269662921406
2016-05-25,58.91,0.007697570988710156
2016-05-26,58.11,-0.013580037345102602
2016-05-27,59.34,0.021166752710376935
2016-05-31,58.27,-0.0180316818335019
2016-06-01,58.3,0.0005148446885188118
2016-06-02,58.76,0.007890222984562545
2016-06-03,58.29,-0.007998638529611912
2016-06-06,58.67,0.006519128495453774
2016-06-07,58.68,0.0001704448610873044
2016-06-08,58.53,-0.002556237218813928
2016-06-09,57.79,-0.012643089014180764
2016-06-10,56.18,-0.02785949126146392
2016-06-13,55.89,-0.005161979352082624
2016-06-14,55.71,-0.0032206119162641045
2016-06-15,56.61,0.016155088852988664
2016-06-16,56.77,0.002826355767532318
2016-06-17,56.68,-0.0015853443720275084
2016-06-20,57.56,0.015525758645024812
2016-06-21,58.07,0.008860319666434968
2016-06-22,57.38,-0.011882211124504827
2016-06-23,59.06,0.029278494248867304
2016-06-24,54.04,-0.08499830680663734
2016-06-27,50.54,-0.06476683937823835
2016-06-28,51.48,0.01859912940245345
2016-06-29,53.22,0.03379953379953382
2016-06-30,54.14,0.017286734310409724
2016-07-01,54.34,0.003694126339120807
2016-07-05,52.8,-0.028340080971660075
2016-07-06,52.96,0.003030303030303161
2016-07-07,53.53,0.010762839879154162
2016-07-08,55.14,0.030076592564916904
2016-07-11,55.49,0.006347479143997026
2016-07-12,57.38,0.034060191025409914
2016-07-13,56.87,-0.008888114325549035
2016-07-14,58.16,0.02268331281870939
2016-07-15,57.98,-0.0030949105914718222
2016-07-18,58.01,0.0005174197999311403
2016-07-19,57.52,-0.008446819513876824
2016-07-20,58.27,0.013038942976355994
2016-07-21,57.58,-0.011841427835936225
2016-07-22,58.78,0.020840569642236906
2016-07-25,58.22,-0.009527050017012595
2016-07-26,58.75,0.00910340089316386
2016-07-27,59.62,0.0148085106382978
2016-07-28,59.45,-0.0028513921502850703
2016-07-29,59.45,0.0
2016-08-01,59.74,0.004878048780487809
2016-08-02,57.87,-0.03130231001004358
2016-08-03,57.95,0.001382408847416805
2016-08-04,58.25,0.0051768766177739955
2016-08-05,59.33,0.018540772532188887
2016-08-08,59.37,0.0006741951795043999
2016-08-09,60.34,0.0163382179551963
2016-08-10,60.3,-0.0006629101756713274
2016-08-11,61.71,0.023383084577114577
2016-08-12,61.83,0.001944579484686404
2016-08-15,62.98,0.018599385411612435
2016-08-16,62.65,-0.00523975865354076
2016-08-17,62.79,0.0022346368715084886
2016-08-18,63.5,0.011307533046663432
2016-08-19,63.74,0.0037795275590550848
2016-08-22,63.29,-0.007059930969563921
2016-08-23,63.46,0.002686048348870207
2016-08-24,63.17,-0.004569807752915156
2016-08-25,63.7,0.008390058572107062
2016-08-26,68.87,0.0811616954474097
2016-08-29,68.32,-0.007986060694061492
2016-08-30,68.03,-0.004244730679156761
2016-08-31,67.4,-0.00926062031456698
2016-09-01,67.37,-0.0004451038575667976
2016-09-02,68.01,0.009499777348968452
2016-09-06,67.69,-0.004705190413174631
2016-09-07,68.6,0.013443640124095158
2016-09-08,68.81,0.003061224489796066
2016-09-09,66.84,-0.028629559657026626
2016-09-12,67.35,0.0076301615798921585
2016-09-13,65.78,-0.023311061618411233
2016-09-14,65.51,-0.004104591061112717
2016-09-15,67.39,0.02869790871622646
2016-09-16,67.6,0.0031161893456002066
2016-09-19,68.13,0.007840236686390556
2016-09-20,68.79,0.009687362395420784
2016-09-21,71.69,0.0421572903038232
2016-09-22,72.35,0.009206304923978115
2016-09-23,71.67,-0.009398756046993695
2016-09-26,71.08,-0.008232175247662954
2016-09-27,71.9,0.011536297129994377
2016-09-28,72.65,0.010431154381084884
2016-09-29,71.59,-0.014590502408809436
2016-09-30,72.33,0.010336639195418273
2016-10-03,71.18,-0.015899350200469953
2016-10-04,71.42,0.0033717336330429948
2016-10-05,73.21,0.02506300756090729
2016-10-06,72.83,-0.005190547739379769
2016-10-07,72.01,-0.011259096526156753
2016-10-10,72.21,0.0027773920288847176
2016-10-11,70.17,-0.028250934773576986
2016-10-12,70.33,0.002280176713695292
2016-10-13,69.29,-0.014787430683918523
2016-10-14,69.46,0.00245345648722739
2016-10-17,68.85,-0.00878203282464729
2016-10-18,70.13,0.018591140159767594
2016-10-19,70.78,0.009268501354627201
2016-10-20,71.13,0.004944899689177662
2016-10-21,71.18,0.00070293828201895
2016-10-24,72.22,0.014610845743186163
2016-10-25,71.36,-0.011908058709498737
2016-10-26,70.66,-0.009809417040358759
2016-10-27,70.58,-0.0011321822813472604
2016-10-28,71.86,0.018135449135732618
2016-10-31,72.28,0.005844698023935502
2016-11-01,70.1,-0.030160486995019498
2016-11-02,68.68,-0.02025677603423659
2016-11-03,67.61,-0.015579499126383345
2016-11-04,69.44,0.027067001922792544
2016-11-07,72.0,0.03686635944700467
2016-11-08,72.69,0.009583333333333277
2016-11-09,72.63,-0.0008254230293025522
2016-11-10,73.49,0.011840837119647452
2016-11-11,73.81,0.004354333922982789
2016-11-14,73.55,-0.0035225579189812617
2016-11-15,75.15,0.021753908905506547
2016-11-16,77.57,0.032202262142381644
2016-11-17,78.46,0.011473507799407034
2016-11-18,76.9,-0.01988274279887825
2016-11-21,75.52,-0.017945383615084687
2016-11-22,75.21,-0.00410487288135597
2016-11-23,75.15,-0.0007977662544872421
2016-11-25,75.83,0.009048569527611239
2016-11-28,75.18,-0.008571805354081419
2016-11-29,75.26,0.0010641127959563068
2016-11-30,72.61,-0.03521126760563387
2016-12-01,69.22,-0.04668778405178353
2016-12-02,70.57,0.01950303380525842
2016-12-05,71.18,0.008643899674082745
2016-12-06,76.32,0.07221129530767056
2016-12-07,80.34,0.052672955974842894
2016-12-08,81.74,0.01742593975603679
2016-12-09,81.11,-0.007707364815267903
2016-12-12,78.37,-0.03378128467513253
2016-12-13,79.67,0.01658798009442375
2016-12-14,76.83,-0.03564704405673402
2016-12-15,78.92,0.02720291552778864
2016-12-16,76.48,-0.03091738469336036
2016-12-19,75.7,-0.01019874476987448
2016-12-20,76.01,0.004095112285336988
2016-12-21,75.63,-0.004999342191816969
2016-12-22,74.58,-0.01388337961126529
2016-12-23,76.0,0.019039957093054394
2016-12-27,75.98,-0.000263157894736743
2016-12-28,75.02,-0.012634903922084884
2016-12-29,74.98,-0.0005331911490268348
2016-12-30,74.01,-0.012936783142171282
2017-01-03,76.18,0.02932036211322786
2017-01-04,77.52,0.01758991861380932
2017-01-05,76.93,-0.007610939112487003
2017-01-06,79.3,0.030807227349538335
2017-01-09,79.59,0.0036569987389660774
2017-01-10,79.98,0.004900113079532531
2017-01-11,80.87,0.01112778194548647
2017-01-12,80.65,-0.0027204154816371506
2017-01-13,81.32,0.008307501549906782
2017-01-17,78.62,-0.03320216428922762
2017-01-18,79.71,0.013864156703128794
2017-01-19,79.98,0.0033872788859616865
2017-01-20,81.67,0.021130282570642533
2017-01-23,81.54,-0.0015917717644177154
2017-01-24,82.0,0.005641402992396349
2017-01-25,82.65,0.007926829268292801
2017-01-26,81.64,-0.012220205686630403
2017-01-27,81.76,0.0014698677119060477
2017-01-30,81.16,-0.007338551859099929
2017-01-31,81.34,0.0022178413011335607
2017-02-01,81.28,-0.0007376444553724992
2017-02-02,82.76,0.018208661417322913
2017-02-03,84.41,0.01993716771387133
2017-02-06,82.82,-0.018836630730956094
2017-02-07,84.5,0.02028495532480079
2017-02-08,82.93,-0.018579881656804687
2017-02-09,83.88,0.011455444350657151
2017-02-10,83.23,-0.00774916547448723
2017-02-13,84.28,0.012615643397813292
2017-02-14,84.54,0.003084954912197402
2017-02-15,84.36,-0.002129169623846794
2017-02-16,85.14,0.009246088193456625
2017-02-17,86.4,0.014799154334038223
2017-02-21,87.15,0.00868055555555558
2017-02-22,86.38,-0.008835341365461935
2017-02-23,87.1,0.008335262792313003
2017-02-24,87.55,0.005166475315729002
2017-02-27,87.74,0.0021701884637350677
2017-02-28,86.3,-0.016412126738089783
2017-03-01,88.93,0.030475086906141424
2017-03-02,87.32,-0.018104126841336
2017-03-03,85.32,-0.022904260192395776
2017-03-06,82.94,-0.02789498359118603
2017-03-07,82.07,-0.010489510489510523
2017-03-08,83.46,0.01693676130132804
2017-03-09,84.24,0.009345794392523477
2017-03-10,86.12,0.022317188983855818
2017-03-13,86.69,0.006618671620993943
2017-03-14,85.91,-0.0089975775752682
2017-03-15,88.4,0.028983820277034278
2017-03-16,86.73,-0.01889140271493217
2017-03-17,86.22,-0.005880318228986603
2017-03-20,86.32,0.001159823706796459
2017-03-21,83.64,-0.031047265987024897
2017-03-22,84.6,0.011477761836441891
2017-03-23,85.69,0.012884160756501117
2017-03-24,86.48,0.00921927879565887
2017-03-27,85.44,-0.012025901942645745
2017-03-28,85.47,0.000351123595505598
2017-03-29,86.4,0.0108810108810109
2017-03-30,86.32,-0.0009259259259261077
2017-03-31,86.47,0.0017377201112140916
2017-04-03,85.39,-0.012489880883543414
2017-04-04,84.95,-0.005152828200023385
2017-04-05,83.54,-0.016597998822836968
2017-04-06,84.07,0.006344266219774797
2017-04-07,84.79,0.008564291661710577
2017-04-10,85.66,0.01026064394386128
2017-04-11,85.99,0.003852439878589742
2017-04-12,85.62,-0.004302825909989427
2017-04-13,84.91,-0.00829245503387066
2017-04-17,85.99,0.012719349899894095
2017-04-18,86.41,0.004884288870798947
2017-04-19,87.93,0.01759055664853615
2017-04-20,88.41,0.0054588877516204
2017-04-21,88.58,0.0019228594050446635
2017-04-24,90.14,0.017611198916233972
2017-04-25,90.32,0.001996893720878523
2017-04-26,90.23,-0.0009964570416296503
2017-04-27,90.63,0.004433115371827556
2017-04-28,90.07,-0.006178969436169024
2017-05-01,91.98,0.021205728877539798
2017-05-02,93.45,0.015981735159817267
2017-05-03,93.35,-0.0010700909577314732
2017-05-04,93.25,-0.0010712372790572244
2017-05-05,93.24,-0.00010723860589822998
2017-05-08,93.39,0.001608751608751735
2017-05-09,94.74,0.014455509155155699
2017-05-10,95.87,0.011927380198437865
2017-05-11,95.41,-0.004798164180661368
2017-05-12,95.39,-0.0002096216329524614
2017-05-15,96.63,0.012999266170458101
2017-05-16,98.03,0.014488254165373027
2017-05-17,93.97,-0.041415893093950884
2017-05-18,95.83,0.01979355113334047
2017-05-19,109.91,0.14692684962955238
2017-05-22,113.36,0.03138931853334559
2017-05-23,112.97,-0.0034403669724770714
2017-05-24,112.48,-0.00433743471718151
2017-05-25,113.89,0.012535561877667023
2017-05-26,113.03,-0.007551145842479623
2017-05-30,113.16,0.0011501371317348408
2017-05-31,111.77,-0.012283492400141371
2017-06-01,113.03,0.011273150219200279
2017-06-02,112.91,-0.001061665044678417
2017-06-05,110.88,-0.017978921264724113
2017-06-06,111.45,0.005140692640692723
2017-06-07,111.17,-0.002512337371018414
2017-06-08,111.12,-0.00044976162633802996
2017-06-09,105.95,-0.0465262778977682
2017-06-12,107.44,0.014063237376120696
2017-06-13,107.55,0.0010238272524198955
2017-06-14,106.2,-0.012552301255230103
2017-06-15,105.58,-0.0058380414312617646
2017-06-16,104.88,-0.006630043568857769
2017-06-19,106.16,0.012204424103737566
2017-06-20,104.93,-0.01158628485305191
2017-06-21,105.69,0.007242923853997718
2017-06-22,106.78,0.010313180054877469
2017-06-23,107.75,0.009084098145720088
2017-06-26,106.12,-0.0151276102088167
2017-06-27,102.92,-0.030154542027893028
2017-06-28,104.28,0.013214146910221602
2017-06-29,101.39,-0.02771384733410054
2017-06-30,100.82,-0.005621856198836261
2017-07-03,99.36,-0.014481253719500042
2017-07-05,102.6,0.032608695652173836
2017-07-06,102.05,-0.005360623781676344
2017-07-07,103.32,0.012444879960803457
2017-07-10,103.74,0.004065040650406582
2017-07-11,104.3,0.005398110661268607
2017-07-12,106.68,0.02281879194630876
2017-07-13,107.07,0.003655793025871601
2017-07-14,108.74,0.01559727281217893
2017-07-17,106.94,-0.016553246275519573
2017-07-18,107.7,0.007106788853562751
2017-07-19,110.25,0.02367688022284109
2017-07-20,109.91,-0.003083900226757419
2017-07-21,109.75,-0.0014557365116913967
2017-07-24,110.81,0.009658314350797337
2017-07-25,112.26,0.013085461600938597
2017-07-26,114.08,0.016212364154641
2017-07-27,111.52,-0.02244039270687237
2017-07-28,111.5,-0.0001793400286943525
2017-07-31,110.79,-0.006367713004484243
2017-08-01,111.38,0.005325390378192907
2017-08-02,109.13,-0.02020111330579999
2017-08-03,107.88,-0.011454228901310315
2017-08-04,108.39,0.004727474972191281
2017-08-07,109.82,0.013193098994372043
2017-08-08,108.35,-0.013385539974503757
2017-08-09,107.45,-0.0083064143977849
2017-08-10,104.98,-0.022987436016752016
2017-08-11,108.01,0.028862640502953063
2017-08-14,108.9,0.008239977779835206
2017-08-15,109.8,0.008264462809917328
2017-08-16,110.49,0.006284153005464477
2017-08-17,107.89,-0.02353154131595614
2017-08-18,108.56,0.00621002873296872
2017-08-21,109.75,0.010961680176860611
2017-08-22,111.01,0.011480637813211958
2017-08-23,110.65,-0.0032429510854877774
2017-08-24,110.61,-0.00036150022593772757
2017-08-25,114.97,0.0394177741614683
2017-08-28,111.48,-0.030355744976950483
2017-08-29,111.27,-0.001883745963401573
2017-08-30,113.29,0.018154039723195847
2017-08-31,114.46,0.010327478153411507
2017-09-01,113.71,-0.00655250742617508
2017-09-05,113.77,0.000527658077565718
2017-09-06,113.79,0.00017579326711802956
2017-09-07,114.05,0.0022849108005975616
2017-09-08,114.44,0.0034195528277072285
2017-09-11,116.48,0.017825934987766523
2017-09-12,116.16,-0.0027472527472528485
2017-09-13,116.18,0.00017217630854005073
2017-09-14,115.47,-0.006111206748149467
2017-09-15,114.13,-0.011604745821425455
2017-09-18,113.84,-0.002540962060807783
2017-09-19,113.08,-0.006676036542515806
2017-09-20,112.73,-0.0030951538733638984
2017-09-21,112.29,-0.003903131375853741
2017-09-22,111.78,-0.004541811381244987
2017-09-25,109.82,-0.017534442655215643
2017-09-26,110.61,0.007193589510107401
2017-09-27,111.96,0.012205044751830707
2017-09-28,111.45,-0.004555198285101758
2017-09-29,112.26,0.007267833109017463
2017-10-02,112.47,0.0018706574024585088
2017-10-03,113.63,0.010313861474170904
2017-10-04,114.05,0.0036962069875912107
2017-10-05,116.54,0.0218325295922841
2017-10-06,116.96,0.003603912819632571
2017-10-09,117.14,0.0015389876880984588
2017-10-10,117.05,-0.0007683114222298837
2017-10-11,118.57,0.012985903460059678
2017-10-12,118.99,0.0035422113519441023
2017-10-13,119.63,0.005378603243969993
2017-10-16,119.2,-0.0035944161163586896
2017-10-17,118.72,-0.004026845637583931
2017-10-18,118.54,-0.0015161725067385223
2017-10-19,119.29,0.006326978235194902
2017-10-20,120.81,0.012742057171598598
2017-10-23,118.99,-0.01506497806472984
2017-10-24,119.29,0.00252122027061108
2017-10-25,119.94,0.005448906027328393
2017-10-26,121.35,0.011755877938969483
2017-10-27,123.58,0.018376596621343166
2017-10-30,123.91,0.0026703350056642705
2017-10-31,124.96,0.008473892341215317
2017-11-01,124.78,-0.0014404609475031638
2017-11-02,124.72,-0.00048084628946953867
2017-11-03,124.85,0.0010423348300192536
2017-11-06,123.82,-0.008249899879855804
2017-11-07,123.4,-0.003392020675173524
2017-11-08,123.84,0.003565640194489461
2017-11-09,122.4,-0.011627906976744207
2017-11-10,123.11,0.005800653594771221
2017-11-13,124.64,0.012427909999187747
2017-11-14,123.87,-0.006177792041078267
2017-11-15,124.02,0.0012109469605230405
2017-11-16,127.0,0.024028382518948677
2017-11-17,127.49,0.003858267716535302
2017-11-20,126.28,-0.009490940465918807
2017-11-21,127.71,0.011324041811846541
2017-11-22,127.77,0.00046981442330285006
2017-11-24,129.5,0.013539954605932492
2017-11-27,130.24,0.005714285714285783
2017-11-28,129.95,-0.002226658476658594
2017-11-29,109.34,-0.1585994613312811
2017-11-30,109.7,0.003292482165721644
2017-12-01,107.06,-0.024065633546034637
2017-12-04,107.95,0.008313095460489528
2017-12-05,106.59,-0.012598425196850394
2017-12-06,106.92,0.003095975232198178
2017-12-07,109.61,0.025158997381219628
2017-12-08,107.16,-0.022351975184745965
2017-12-11,106.83,-0.003079507278835325
2017-12-12,106.33,-0.0046803332397267194
2017-12-13,106.02,-0.002915451895043719
2017-12-14,106.25,0.0021694019996227887
2017-12-15,108.4,0.02023529411764713
2017-12-18,107.48,-0.008487084870848705
2017-12-19,105.39,-0.019445478228507618
2017-12-20,105.03,-0.0034158838599487318
2017-12-21,104.43,-0.005712653527563449
2017-12-22,103.89,-0.005170927894283306
2017-12-26,103.8,-0.0008663008951775852
2017-12-27,104.58,0.007514450867051936
2017-12-28,105.07,0.0046854082998661895
2017-12-29,104.83,-0.0022841914913867
2018-01-02,107.12,0.02184489172946691
2018-01-03,109.38,0.021097834204630184
2018-01-04,112.07,0.02459316145547641
2018-01-05,110.84,-0.010975283305077133
2018-01-08,111.42,0.005232767953807338
2018-01-09,112.11,0.006192784060312206
2018-01-10,111.47,-0.005708678976005688
2018-01-11,113.26,0.01605813223288788
2018-01-12,115.91,0.02339749249514389
2018-01-16,111.98,-0.03390561642653778
2018-01-17,113.0,0.00910876942311134
2018-01-18,112.55,-0.0039823008849557695
2018-01-19,115.29,0.02434473567303419
2018-01-22,117.43,0.0185618874143465
2018-01-23,118.73,0.011070424934003231
2018-01-24,116.9,-0.015413122210056418
2018-01-25,116.87,-0.0002566295979469224
2018-01-26,117.78,0.007786429365962189
2018-01-29,116.38,-0.011886568177958967
2018-01-30,115.02,-0.011685856676404871
2018-01-31,115.62,0.005216484089723528
2018-02-01,115.57,-0.0004324511330220382
2018-02-02,111.64,-0.03400536471402604
2018-02-05,109.18,-0.022035112862773154
2018-02-06,112.62,0.0315076021249312
2018-02-07,110.54,-0.01846918842123957
2018-02-08,104.81,-0.051836439297991754
2018-02-09,105.94,0.010781413987214883
2018-02-12,108.38,0.023031904851802842
2018-02-13,109.79,0.013009780402288396
2018-02-14,109.92,0.0011840786956918148
2018-02-15,113.52,0.03275109170305668
2018-02-16,112.95,-0.005021141649048544
2018-02-20,114.27,0.011686586985391711
2018-02-21,112.37,-0.016627286251859608
2018-02-22,112.39,0.00017798344753927609
2018-02-23,115.03,0.023489634309102225
2018-02-26,116.92,0.016430496392245475
2018-02-27,116.12,-0.006842285323298003
2018-02-28,117.47,0.011625904236996165
2018-03-01,114.74,-0.023239976164127096
2018-03-02,116.28,0.013421648945441955
2018-03-05,118.87,0.02227382180942561
2018-03-06,119.87,0.008412551526878032
2018-03-07,137.7,0.1487444731792773
2018-03-08,137.29,-0.0029774872912127215
2018-03-09,139.36,0.01507757302061341
2018-03-12,138.37,-0.007103903559127489
2018-03-13,136.0,-0.017127990171279972
2018-03-14,136.19,0.0013970588235294734
2018-03-15,136.72,0.0038916219986784295
2018-03-16,135.75,-0.007094792276184925
2018-03-19,134.31,-0.010607734806629798
2018-03-20,134.6,0.0021591839773658084
2018-03-21,135.54,0.006983655274888534
2018-03-22,131.41,-0.03047070975357824
2018-03-23,128.02,-0.025797123506582365
2018-03-26,134.22,0.048429932822996236
2018-03-27,128.31,-0.044032185963343684
2018-03-28,124.55,-0.02930402930402931
2018-03-29,125.58,0.008269771176234508
2018-04-02,122.75,-0.0225354355789138
2018-04-03,124.84,0.017026476578411387
2018-04-04,127.5,0.021307273309836505
2018-04-05,128.02,0.004078431372549041
2018-04-06,125.75,-0.01773160443680688
2018-04-09,127.57,0.014473161033797144
2018-04-10,131.73,0.032609547699302244
2018-04-11,130.94,-0.00599711531162217
2018-04-12,132.17,0.00939361539636474
2018-04-13,129.17,-0.022698040402511888
2018-04-16,129.72,0.004257954633428929
2018-04-17,132.58,0.022047486894850588
2018-04-18,133.87,0.009729974355106252
2018-04-19,132.33,-0.011503697617091135
2018-04-20,130.09,-0.016927378523388548
2018-04-23,129.18,-0.006995157198862345
2018-04-24,123.68,-0.0425762501935284
2018-04-25,123.97,0.0023447606727036163
2018-04-26,126.98,0.024280067758328583
2018-04-27,126.64,-0.002677587021578276
2018-04-30,125.9,-0.0058433354390398096
2018-05-01,127.06,0.009213661636219284
2018-05-02,125.26,-0.014166535495041654
2018-05-03,127.6,0.018681143222097907
2018-05-04,129.46,0.014576802507836994
2018-05-07,131.57,0.016298470570060175
2018-05-08,132.76,0.009044615033822367
2018-05-09,135.32,0.019282916541126793
2018-05-10,136.47,0.008498374224061633
2018-05-11,136.21,-0.001905180625778491
2018-05-14,134.11,-0.015417370237133743
2018-05-15,136.16,0.015285959287152151
2018-05-16,135.93,-0.0016891891891891442
2018-05-17,136.52,0.004340469359229049
2018-05-18,138.85,0.017067096396132353
2018-05-21,137.67,-0.008498379546272972
2018-05-22,136.71,-0.006973196774896384
2018-05-23,139.31,0.019018360032184933
2018-05-24,138.92,-0.0027995118799799545
2018-05-25,132.75,-0.044414051252519404
2018-05-29,129.62,-0.023578154425612063
2018-05-30,129.37,-0.0019287147045209396
2018-05-31,129.1,-0.002087037180180995
2018-06-01,133.52,0.03423702556158026
2018-06-04,135.57,0.015353505092869923
2018-06-05,136.8,0.009072803717636857
2018-06-06,137.93,0.008260233918128579
2018-06-07,134.14,-0.02747770608279576
2018-06-08,135.13,0.007380348889220345
2018-06-11,135.97,0.006216236216976201
2018-06-12,137.36,0.010222843274251714
2018-06-13,137.16,-0.0014560279557368494
2018-06-14,138.41,0.009113444152814232
2018-06-15,137.99,-0.0030344628278302643
2018-06-18,141.26,0.023697369374592325
2018-06-19,141.04,-0.0015574118646467516
2018-06-20,140.94,-0.0007090187180941454
2018-06-21,137.74,-0.022704697034198862
2018-06-22,136.51,-0.0089298678669959
2018-06-25,129.75,-0.04952018167167238
2018-06-26,130.17,0.0032369942196530666
2018-06-27,127.62,-0.019589767227471633
2018-06-28,130.24,0.02052969753957057
2018-06-29,131.09,0.006526412776412638
2018-07-02,131.9,0.006178961019147167
2018-07-03,131.6,-0.0022744503411676886
2018-07-05,132.8,0.00911854103343468
2018-07-06,135.11,0.017394578313252973
2018-07-09,134.97,-0.0010361927318481845
2018-07-10,134.37,-0.0044454323182928634
2018-07-11,132.22,-0.016000595370990633
2018-07-12,137.46,0.03963091816669184
2018-07-13,137.21,-0.0018187108977156807
2018-07-16,136.24,-0.007069455579039374
2018-07-17,136.56,0.0023487962419259656
2018-07-18,137.43,0.006370826010544839
2018-07-19,134.5,-0.021319944699119575
2018-07-20,134.32,-0.0013382899628253675
2018-07-23,134.5,0.0013400833829662062
2018-07-24,132.31,-0.016282527881040898
2018-07-25,135.85,0.026755347290454257
2018-07-26,136.14,0.002134707397865254
2018-07-27,131.16,-0.036579991185544225
2018-07-30,127.0,-0.0317169868862458
2018-07-31,128.44,0.011338582677165254
2018-08-01,127.18,-0.009810028028651385
2018-08-02,131.16,0.03129422865230369
2018-08-03,132.05,0.006785605367490177
2018-08-06,134.35,0.0174176448315031
2018-08-07,135.19,0.006252326014142273
2018-08-08,134.14,-0.007766846660256066
2018-08-09,135.11,0.007231250931862387
2018-08-10,134.85,-0.0019243579305752156
2018-08-13,133.39,-0.010826844642195077
2018-08-14,134.0,0.004573056451008473
2018-08-15,131.05,-0.02201492537313421
2018-08-16,133.73,0.020450209843571043
2018-08-17,132.35,-0.010319300082255234
2018-08-20,133.72,0.010351341140914183
2018-08-21,135.52,0.013460963206700649
2018-08-22,136.94,0.010478158205430743
2018-08-23,136.31,-0.004600554987585825
2018-08-24,157.2,0.15325361308781438
2018-08-27,154.63,-0.016348600508905853
2018-08-28,156.81,0.014098169824742879
2018-08-29,155.67,-0.007269944518844551
2018-08-30,153.86,-0.011627160017986582
2018-08-31,154.35,0.0031847133757960666
2018-09-04,153.59,-0.004923874311629328
2018-09-05,149.33,-0.027736180740933647
2018-09-06,148.8,-0.0035491863657670653
2018-09-07,149.17,0.002486559139784683
2018-09-10,150.75,0.010591942079506644
2018-09-11,150.87,0.000796019900497491
2018-09-12,150.78,-0.000596540067607898
2018-09-13,151.38,0.0039793076004774885
2018-09-14,151.35,-0.00019817677368216824
2018-09-17,146.72,-0.03059134456557644
2018-09-18,148.79,0.014108505997818988
2018-09-19,148.4,-0.002621143894078859
2018-09-20,153.23,0.032547169811320664
2018-09-21,152.4,-0.005416693858904864
2018-09-24,152.83,0.002821522309711222
2018-09-25,155.4,0.016816070143296447
2018-09-26,154.82,-0.003732303732303821
2018-09-27,156.0,0.007621754295310756
2018-09-28,156.11,0.000705128205128247
2018-10-01,155.5,-0.003907501121004464
2018-10-02,153.92,-0.010160771704180172
2018-10-03,154.87,0.006172037422037535
2018-10-04,152.1,-0.017885968877122793
2018-10-05,152.0,-0.0006574621959236637
2018-10-08,146.21,-0.03809210526315787
2018-10-09,142.86,-0.022912249504137838
2018-10-10,133.5,-0.06551868962620755
2018-10-11,130.89,-0.01955056179775294
2018-10-12,138.18,0.05569562227824898
2018-10-15,134.6,-0.025908235634679477
2018-10-16,141.42,0.050668647845468096
2018-10-17,141.77,0.0024748974685335767
2018-10-18,137.29,-0.03160047965013768
2018-10-19,133.18,-0.02993663049020312
2018-10-22,135.64,0.018471241928217363
2018-10-23,134.12,-0.011206133883809977
2018-10-24,124.92,-0.06859528780196844
2018-10-25,130.01,0.04074607748959336
2018-10-26,124.71,-0.04076609491577565
2018-10-29,124.13,-0.004650789832411184
2018-10-30,125.96,0.014742608555546655
2018-10-31,129.25,0.026119402985074647
2018-11-01,135.23,0.04626692456479686
2018-11-02,134.13,-0.008134289728610522
2018-11-05,133.5,-0.004696935808543912
2018-11-06,133.7,0.0014981273408238849
2018-11-07,138.92,0.03904263275991027
2018-11-08,140.61,0.012165274978404916
2018-11-09,135.55,-0.035986060735367364
2018-11-12,130.11,-0.0401327923275544
2018-11-13,130.92,0.006225501498731578
2018-11-14,129.43,-0.011380996028108603
2018-11-15,134.29,0.03754925442324031
2018-11-16,134.04,-0.0018616427135303981
2018-11-19,125.74,-0.06192181438376598
2018-11-20,123.05,-0.02139335135994913
2018-11-21,135.04,0.09744006501422176
2018-11-23,132.69,-0.017402251184834072
2018-11-26,138.8,0.046047177632074776
2018-11-27,140.16,0.009798270893371708
2018-11-28,143.16,0.021404109589041154
2018-11-29,145.55,0.016694607432243824
2018-11-30,144.5,-0.007214015802129881
2018-12-03,148.02,0.024359861591695564
2018-12-04,139.84,-0.05526280232401026
2018-12-06,140.14,0.0021453089244849455
2018-12-07,132.57,-0.05401741116026826
2018-12-10,135.02,0.01848080259485574
2018-12-11,133.87,-0.008517256702710752
2018-12-12,137.79,0.029282139388959294
2018-12-13,135.57,-0.01611147398214674
2018-12-14,131.5,-0.030021391163236655
2018-12-17,127.27,-0.03216730038022819
2018-12-18,130.58,0.026007700165003644
2018-12-19,128.13,-0.018762444478480744
2018-12-20,124.93,-0.024974635136189693
2018-12-21,120.3,-0.03706075402225251
2018-12-24,118.32,-0.016458852867830442
2018-12-26,125.93,0.06431710615280606
2018-12-27,127.41,0.011752560946557633
2018-12-28,127.23,-0.0014127619496114852
2018-12-31,128.61,0.010846498467342647
2019-01-02,128.96,0.0027214058004820796
2019-01-03,121.85,-0.055133374689826375
2019-01-04,128.28,0.05276979893311462
2019-01-07,132.72,0.0346117867165574
2019-01-08,133.87,0.008664858348402804
2019-01-09,136.77,0.021662807201015877
2019-01-10,136.71,-0.0004386926957666848
2019-01-11,136.74,0.00021944261575601587
2019-01-14,134.75,-0.014553166593535227
2019-01-15,135.88,0.008385899814471243
2019-01-16,135.3,-0.0042684721813363025
2019-01-17,136.5,0.008869179600886845
2019-01-18,141.73,0.03831501831501827
2019-01-22,139.06,-0.01883863684470466
2019-01-23,137.49,-0.011290090608370384
2019-01-24,136.05,-0.010473488981016743
2019-01-25,142.08,0.044321940463065035
2019-01-28,140.77,-0.009220157657657713
2019-01-29,140.16,-0.004333309654045658
2019-01-30,146.0,0.04166666666666674
2019-01-31,147.2,0.008219178082191636
2019-02-01,149.07,0.012703804347826031
2019-02-04,151.59,0.016904809820889488
2019-02-05,152.42,0.005475295204169006
2019-02-06,152.28,-0.0009185146306258662
2019-02-07,150.56,-0.01129498292618858
2019-02-08,154.31,0.024907013815090417
2019-02-11,154.57,0.0016849199663016012
2019-02-12,159.54,0.03215371676263179
2019-02-13,160.03,0.0030713300739626526
2019-02-14,159.94,-0.0005623945510216943
2019-02-15,160.35,0.002563461297986791
2019-02-19,160.68,0.0020579981290926863
2019-02-20,159.8,-0.005476723923325877
2019-02-21,159.83,0.0001877346683354375
2019-02-22,161.51,0.010511168116123182
2019-02-25,163.94,0.015045508018079357
2019-02-26,163.31,-0.0038428693424423788
2019-02-27,164.28,0.005939624027922363
2019-02-28,163.01,-0.007730703676649631
2019-03-01,159.77,-0.01987608122201079
2019-03-04,157.79,-0.012392814671089769
2019-03-05,154.71,-0.019519614677736108
2019-03-06,153.51,-0.007756447547023537
2019-03-07,152.77,-0.004820532864308391
2019-03-08,152.37,-0.002618315114224057
2019-03-11,154.04,0.010960162761698422
2019-03-12,154.81,0.00499870163593874
2019-03-13,153.38,-0.009237129384406684
2019-03-14,153.15,-0.0014995436171599819
2019-03-15,153.28,0.0008488410055500495
2019-03-18,153.85,0.003718684759916435
2019-03-19,155.1,0.008124796880077945
2019-03-20,154.31,-0.005093488072211438
2019-03-21,158.82,0.029226880953923784
2019-03-22,154.22,-0.028963606598665148
2019-03-25,154.69,0.003047594345739757
2019-03-26,155.91,0.007886741224384153
2019-03-27,153.1,-0.01802321852350719
2019-03-28,153.03,-0.0004572175048986882
2019-03-29,155.82,0.018231719270731084
2019-04-01,163.82,0.05134129123347453
2019-04-02,164.35,0.0032352582102308514
2019-04-03,166.65,0.013994523881959209
2019-04-04,165.05,-0.009600960096009525
2019-04-05,166.33,0.007755225689185075
2019-04-08,166.74,0.0024649792581012964
2019-04-09,167.06,0.0019191555715485364
2019-04-10,170.46,0.020351969352328636
2019-04-11,171.88,0.008330400093863544
2019-04-12,171.87,-5.818012566904951e-05
2019-04-15,172.77,0.005236515971373645
2019-04-16,172.67,-0.000578804190542459
2019-04-17,168.03,-0.026872068106793212
2019-04-18,169.2,0.006963042313872458
2019-04-22,172.15,0.017434988179669153
2019-04-23,175.28,0.018181818181818077
2019-04-24,176.31,0.005876312186216426
2019-04-25,175.32,-0.005615109749872449
2019-04-26,176.99,0.0095254391968973
2019-04-29,176.68,-0.0017515113848239894
2019-04-30,178.21,0.008659723794430585
2019-05-01,173.97,-0.023792155322372555
2019-05-02,173.36,-0.003506351669828045
2019-05-03,176.7,0.019266266728195536
2019-05-06,175.28,-0.008036219581211035
2019-05-07,170.72,-0.026015518028297602
2019-05-08,171.51,0.004627460168697306
2019-05-09,171.42,-0.0005247507433968623
2019-05-10,173.77,0.013709018784272775
2019-05-13,164.93,-0.05087184209011919
2019-05-14,169.96,0.030497786939913896
2019-05-15,173.32,0.019769357495881268
2019-05-16,176.68,0.01938610662358653
2019-05-17,174.33,-0.013300882952229975
2019-05-20,170.61,-0.021338840130786463
2019-05-21,174.23,0.02121798253326279
2019-05-22,174.03,-0.001147907937783299
2019-05-23,169.54,-0.025800149399528904
2019-05-24,161.22,-0.049073964846053975
2019-05-28,161.09,-0.0008063515692842138
2019-05-29,161.52,0.002669315289589802
2019-05-30,162.62,0.006810302129767187
2019-05-31,160.91,-0.010515311769770053
2019-06-03,154.82,-0.03784724380088256
2019-06-04,159.91,0.03287688929078936
2019-06-05,161.31,0.00875492464511285
2019-06-06,161.16,-0.0009298865538405199
2019-06-07,165.3,0.025688756515264366
2019-06-10,165.12,-0.0010889292196007982
2019-06-11,163.2,-0.011627906976744318
2019-06-12,163.77,0.0034926470588236835
2019-06-13,162.32,-0.008853880442083462
2019-06-14,158.16,-0.025628388368654442
2019-06-17,157.38,-0.004931714719271674
2019-06-18,161.9,0.02872029482780536
2019-06-19,165.63,0.023038912909203235
2019-06-20,169.45,0.02306345468816029
2019-06-21,170.89,0.008498082030097276
2019-06-24,168.5,-0.013985604775001437
2019-06-25,163.16,-0.0316913946587537
2019-06-26,162.48,-0.0041676881588624815
2019-06-27,165.25,0.01704825209256522
2019-06-28,162.9,-0.014220877458396286
2019-07-01,169.29,0.039226519337016486
2019-07-02,170.1,0.004784688995215225
2019-07-03,172.0,0.01116990005878904
2019-07-05,172.23,0.0013372093023256149
2019-07-08,169.87,-0.013702606979039578
2019-07-09,171.35,0.008712544887266693
2019-07-10,172.74,0.008112051356871985
2019-07-11,173.33,0.0034155378024778305
2019-07-12,174.19,0.004961633877574423
2019-07-15,173.71,-0.002755611688386228
2019-07-16,171.01,-0.01554314662368328
2019-07-17,171.62,0.003567042862990588
2019-07-18,172.38,0.004428388299732022
2019-07-19,169.31,-0.017809490660169347
2019-07-22,170.36,0.006201641958537563
2019-07-23,169.74,-0.0036393519605540936
2019-07-24,173.51,0.02221043949569923
2019-07-25,169.92,-0.02069045011814885
2019-07-26,167.99,-0.01135828625235391
2019-07-29,162.77,-0.031073278171319663
2019-07-30,160.29,-0.015236222891196305
2019-07-31,156.17,-0.025703412564726413
2019-08-01,153.47,-0.017288851892168666
2019-08-02,147.76,-0.03720596859321046
2019-08-05,143.57,-0.02835679480238218
2019-08-06,143.67,0.0006965243435257396
2019-08-07,144.17,0.003480197675227892
2019-08-08,152.09,0.05493514600818483
2019-08-09,151.34,-0.004931290683148126
2019-08-12,148.87,-0.01632086692216206
2019-08-13,151.81,0.019748774098206523
2019-08-14,146.92,-0.03221131677755096
2019-08-15,142.92,-0.027225701061802332
2019-08-16,144.13,0.00846627483907092
2019-08-19,146.18,0.01422327065843354
2019-08-20,146.56,0.0025995348200849033
2019-08-21,145.95,-0.004162117903930174
2019-08-22,145.21,-0.005070229530661052
2019-08-23,143.99,-0.00840162523242205
2019-08-26,147.8,0.026460170845197695
2019-08-27,150.21,0.016305818673883588
2019-08-28,140.08,-0.06743891884694753
2019-08-29,142.63,0.018203883495145456
2019-08-30,142.82,0.0013321180677277056
2019-09-03,141.15,-0.011693040190449477
2019-09-04,144.34,0.02260007084661697
2019-09-05,148.22,0.0268809754745738
2019-09-06,150.35,0.014370530292807882
2019-09-09,151.02,0.004456268706351851
2019-09-10,148.05,-0.01966626936829563
2019-09-11,154.67,0.04471462343802757
2019-09-12,155.69,0.006594685459365257
2019-09-13,153.48,-0.014194874429957038
2019-09-16,153.87,0.0025410476935106008
2019-09-17,153.67,-0.0012997985312277471
2019-09-18,151.11,-0.016659074640463123
2019-09-19,153.38,0.01502216928065625
2019-09-20,153.34,-0.00026079019428859596
2019-09-23,152.37,-0.006325811921220836
2019-09-24,149.13,-0.02126402835203789
2019-09-25,147.43,-0.011399450144169432
2019-09-26,149.07,0.011123923217798204
2019-09-27,145.19,-0.026028040517877438
2019-09-30,147.7,0.017287691989806397
2019-10-01,145.71,-0.013473256601218564
2019-10-02,142.84,-0.019696657744835644
2019-10-03,144.77,0.013511621394567408
2019-10-04,146.89,0.014643917938799378
2019-10-07,147.56,0.004561236299271743
2019-10-08,145.65,-0.012943887232312212
2019-10-09,148.37,0.018674905595605917
2019-10-10,144.73,-0.024533261440992216
2019-10-11,150.32,0.03862364402680862
2019-10-14,150.27,-0.0003326237360297135
2019-10-15,150.0,-0.001796765821521329
2019-10-16,145.38,-0.03080000000000005
2019-10-17,144.27,-0.007635163021048164
2019-10-18,139.67,-0.03188466070562157
2019-10-21,141.49,0.013030715257392522
2019-10-22,140.07,-0.010036044950173295
2019-10-23,141.93,0.013279074748340225
2019-10-24,145.37,0.02423730007750291
2019-10-25,145.54,0.0011694297310311796
2019-10-28,146.99,0.009962896798131116
2019-10-29,145.59,-0.009524457446084766
2019-10-30,148.78,0.021910845525104694
2019-10-31,147.36,-0.009544293587847696
2019-11-01,150.25,0.01961183496199781
2019-11-04,151.27,0.006788685524126592
2019-11-05,151.73,0.0030409202088979015
2019-11-06,151.51,-0.001449943979437096
2019-11-07,151.82,0.0020460695663653272
2019-11-08,152.96,0.007508892109076681
2019-11-11,152.92,-0.00026150627615073585
2019-11-12,158.06,0.033612346324875864
2019-11-13,159.21,0.0072757180817411005
2019-11-14,158.14,-0.006720683374160097
2019-11-15,161.75,0.022827874035664664
2019-11-18,162.44,0.004265842349304494
2019-11-19,164.53,0.012866289091356897
2019-11-20,165.33,0.004862335136449403
2019-11-21,165.05,-0.0016935825319058795
2019-11-22,167.01,0.011875189336564507
2019-11-25,168.88,0.011196934315310436
2019-11-26,170.8,0.011369019422075022
2019-11-27,180.18,0.05491803278688523
2019-11-29,180.9,0.003996003996004083
2019-12-02,175.63,-0.02913211719181874
2019-12-03,175.4,-0.001309571257757769
2019-12-04,176.4,0.005701254275940704
2019-12-05,176.63,0.0013038548752832835
2019-12-06,179.32,0.015229575949725405
2019-12-09,178.83,-0.0027325451706445847
2019-12-10,178.46,-0.0020690040820892097
2019-12-11,179.64,0.006612125966602989
2019-12-12,177.9,-0.009686038744154857
2019-12-13,179.41,0.008487914558740872
2019-12-16,184.37,0.027646173568920407
2019-12-17,181.49,-0.015620762596951776
2019-12-18,183.75,0.012452476720480332
2019-12-19,183.78,0.00016326530612253976
2019-12-20,182.84,-0.005114811187289181
2019-12-23,182.92,0.00043754101947057755
2019-12-24,183.91,0.00541220205554338
2019-12-26,184.24,0.0017943559349682392
2019-12-27,185.38,0.006187581415544763
2019-12-30,183.3,-0.011220196353436074
2019-12-31,183.46,0.0008728859792690447
2020-01-02,187.83,0.02381990624659336
2020-01-03,184.95,-0.015333013895543979
2020-01-06,187.12,0.011732900783995692
2020-01-07,187.5,0.0020307823856349216
2020-01-08,189.95,0.01306666666666656
2020-01-09,191.94,0.01047644116872859
2020-01-10,192.36,0.002188183807440014
2020-01-13,192.45,0.0004678727386149273
2020-01-14,191.11,-0.00696284749285514
2020-01-15,190.79,-0.001674428339699774
2020-01-16,192.5,0.008962733895906627
2020-01-17,193.35,0.004415584415584428
2020-01-21,195.84,0.012878200155159059
2020-01-22,194.73,-0.005667892156862808
2020-01-23,198.6,0.01987367123709749
2020-01-24,199.19,0.0029707955689828314
2020-01-27,195.87,-0.016667503388724247
2020-01-28,200.03,0.02123857660693318
2020-01-29,199.74,-0.0014497825326200697
2020-01-30,198.99,-0.003754881345749528
2020-01-31,196.85,-0.01075430926177201
2020-02-03,199.26,0.012242824485648951
2020-02-04,203.94,0.023486901535682003
2020-02-05,202.08,-0.009120329508678915
2020-02-06,206.0,0.01939825811559781
2020-02-07,207.01,0.004902912621359112
2020-02-10,206.1,-0.0043959229022751956
2020-02-11,205.8,-0.0014556040756913413
2020-02-12,207.11,0.006365403304178896
2020-02-13,207.51,0.0019313408333734294
2020-02-14,208.95,0.006939424606043021
2020-02-18,207.06,-0.009045226130653172
2020-02-19,210.76,0.01786921665217811
2020-02-20,206.67,-0.019405959385082605
2020-02-21,201.91,-0.02303188658247446
2020-02-24,194.37,-0.037343370808776144
2020-02-25,186.73,-0.03930647733703774
2020-02-26,190.67,0.02109998393402246
2020-02-27,180.65,-0.05255152881942615
2020-02-28,190.88,0.05662884029892057
2020-03-02,190.83,-0.0002619446772840206
2020-03-03,180.55,-0.053869936592778944
2020-03-04,191.42,0.060204929382442485
2020-03-05,184.04,-0.03855396510291509
2020-03-06,173.42,-0.05770484677244081
2020-03-09,160.05,-0.07709606735093977
2020-03-10,164.48,0.027678850359262652
2020-03-11,154.4,-0.0612840466926069
2020-03-12,136.0,-0.11917098445595853
2020-03-13,158.03,0.16198529411764717
2020-03-16,148.08,-0.06296272859583618
2020-03-17,154.92,0.04619124797406782
2020-03-18,141.82,-0.08455977278595406
2020-03-19,149.23,0.052249330136793004
2020-03-20,148.02,-0.008108289217985565
2020-03-23,144.14,-0.026212673962978106
2020-03-24,149.96,0.04037741085056212
2020-03-25,149.99,0.00020005334755945903
2020-03-26,160.88,0.07260484032268799
2020-03-27,141.57,-0.12002734957732475
2020-03-30,155.91,0.10129264674719218
2020-03-31,156.1,0.001218651786286884
2020-04-01,139.22,-0.10813581037796283
2020-04-02,137.05,-0.015586840971124727
2020-04-03,139.0,0.01422838380153224
2020-04-06,152.32,0.09582733812949629
2020-04-07,148.7,-0.02376575630252109
2020-04-08,159.21,0.0706792199058508
2020-04-09,164.9,0.03573896112053254
2020-04-13,160.92,-0.024135839902971634
2020-04-14,172.22,0.07022122793934882
2020-04-15,169.14,-0.017884101730344937
2020-04-16,171.0,0.01099680737850317
2020-04-17,180.94,0.05812865497076025
2020-04-20,177.87,-0.016966950370288503
2020-04-21,170.02,-0.04413335582166744
2020-04-22,175.37,0.03146688624867666
2020-04-23,175.55,0.0010264013229173141
2020-04-24,180.35,0.027342637425234795
2020-04-27,182.51,0.011976711948987973
2020-04-28,177.31,-0.02849158950194508
2020-04-29,187.9,0.05972590378433251
2020-04-30,187.13,-0.004097924427887256
2020-05-01,174.9,-0.06535563511997
2020-05-04,177.8,0.01658090337335616
2020-05-05,180.49,0.015129358830146211
2020-05-06,181.23,0.0040999501357414925
2020-05-07,184.0,0.015284445180157924
2020-05-08,184.29,0.0015760869565217828
2020-05-11,184.4,0.0005968853437516852
2020-05-12,180.97,-0.018600867678958855
2020-05-13,176.86,-0.02271094656572903
2020-05-14,177.87,0.0057107316521542995
2020-05-15,180.72,0.016022938100860085
2020-05-18,190.1,0.051903497122620657
2020-05-19,194.71,0.024250394529195196
2020-05-20,196.64,0.009912177083868157
2020-05-21,194.75,-0.00961147274206664
2020-05-22,195.78,0.005288831835686736
2020-05-26,199.53,0.01915415262028808
2020-05-27,199.81,0.0014032977497118182
2020-05-28,202.63,0.01411340773735037
2020-05-29,210.38,0.03824705127572425
2020-06-01,219.29,0.04235193459454312
2020-06-02,219.09,-0.0009120342924893166
2020-06-03,226.39,0.033319640330457645
2020-06-04,225.2,-0.005256415919431046
2020-06-05,233.71,0.037788632326820615
2020-06-08,233.51,-0.0008557614137179037
2020-06-09,234.15,0.002740781979358564
2020-06-10,236.59,0.010420670510356667
2020-06-11,219.1,-0.07392535610127227
2020-06-12,222.96,0.01761752624372437
2020-06-15,229.0,0.02709006099748823
2020-06-16,240.93,0.05209606986899562
2020-06-17,237.04,-0.016145768480471556
2020-06-18,238.07,0.004345258184272671
2020-06-19,237.82,-0.0010501113117989958
2020-06-22,240.88,0.01286687410646703
2020-06-23,241.62,0.0030720690800398742
2020-06-24,233.44,-0.03385481334326634
2020-06-25,234.47,0.0044122686771761455
2020-06-26,232.74,-0.0073783426451144996
2020-06-29,232.17,-0.002449084815674185
2020-06-30,239.19,0.030236464659516793
2020-07-01,241.22,0.00848697688030442
2020-07-02,240.15,-0.0044357847607992
2020-07-06,244.36,0.0175307099729336
2020-07-07,238.94,-0.022180389589130822
2020-07-08,243.9,0.02075834937641252
2020-07-09,248.2,0.017630176301763
2020-07-10,244.24,-0.01595487510072513
2020-07-13,231.86,-0.050687848018342585
2020-07-14,234.6,0.011817476063141541
2020-07-15,235.58,0.004177323103154329
2020-07-16,234.03,-0.006579505900331184
2020-07-17,237.7,0.01568175020296536
2020-07-20,246.04,0.03508624316365161
2020-07-21,239.69,-0.02580881157535353
2020-07-22,240.74,0.004380658350369382
2020-07-23,237.34,-0.01412312037883201
2020-07-24,232.88,-0.018791606977332176
2020-07-27,239.69,0.029242528340776452
2020-07-28,234.58,-0.021319203971796874
2020-07-29,238.61,0.01717964020803131
2020-07-30,236.1,-0.010519257365575685
2020-07-31,236.43,0.0013977128335451727
2020-08-03,239.48,0.012900224167829766
2020-08-04,239.9,0.0017537998997829707
2020-08-05,243.2,0.013755731554814465
2020-08-06,243.57,0.0015213815789474339
2020-08-07,236.24,-0.03009401814673396
2020-08-10,231.88,-0.01845580765323407
2020-08-11,228.79,-0.013325858202518526
2020-08-12,231.57,0.01215088072031123
2020-08-13,238.19,0.02858746815217872
2020-08-14,234.35,-0.016121583609723378
2020-08-17,239.0,0.019842116492425843
2020-08-18,242.69,0.015439330543933094
2020-08-19,241.42,-0.0052330133091599285
2020-08-20,249.15,0.03201888824455312
2020-08-21,248.27,-0.0035320088300220265
2020-08-24,251.8,0.014218391267571517
2020-08-25,252.24,0.001747418586179439
2020-08-26,248.21,-0.015976847446875997
2020-08-27,243.11,-0.020547117360299683
2020-08-28,247.39,0.01760519929250126
2020-08-31,245.7,-0.006831318970047295
2020-09-01,253.51,0.03178673178673175
2020-09-02,261.35,0.030925801743520998
2020-09-03,242.09,-0.07369427970154974
2020-09-04,233.88,-0.03391300755917226
2020-09-08,224.36,-0.04070463485548137
2020-09-09,232.78,0.037528971296131086
2020-09-10,228.2,-0.019675229830741547
2020-09-11,227.48,-0.0031551270815074473
2020-09-14,229.83,0.010330578512396826
2020-09-15,235.87,0.026280294130444304
2020-09-16,230.76,-0.02166447619451395
2020-09-17,226.97,-0.016423990292945057
2020-09-18,225.13,-0.008106798255276049
2020-09-21,227.64,0.01114911384533368
2020-09-22,229.56,0.008434370057986307
2020-09-23,221.87,-0.0334988673985015
2020-09-24,220.96,-0.00410150087889305
2020-09-25,227.8,0.030955829109341026
2020-09-28,232.15,0.01909569798068489
2020-09-29,232.92,0.0033168210208915916
2020-09-30,231.01,-0.008200240425897287
2020-10-01,233.96,0.012770009956279083
2020-10-02,225.56,-0.0359035732603864
2020-10-05,228.93,0.014940592303599898
2020-10-06,228.01,-0.004018695671165973
2020-10-07,233.01,0.021928862769176716
2020-10-08,234.31,0.005579159692717051
2020-10-09,237.5,0.01361444240536036
2020-10-12,242.12,0.019452631578947388
2020-10-13,244.09,0.008136461258879901
2020-10-14,246.7,0.010692777254291297
2020-10-15,252.03,0.02160518848804216
2020-10-16,259.97,0.03150418600960214
2020-10-19,259.94,-0.00011539793053061409
2020-10-20,257.34,-0.010002308224975054
2020-10-21,254.01,-0.012940079272557692
2020-10-22,252.76,-0.004921066099759841
2020-10-23,254.42,0.006567494856781098
2020-10-26,249.13,-0.020792390535335215
2020-10-27,250.6,0.005900533857825296
2020-10-28,237.62,-0.051795690343176326
2020-10-29,242.84,0.021967847824257314
2020-10-30,235.54,-0.030060945478504464
2020-11-02,240.74,0.022076929608559226
2020-11-03,248.31,0.031444712137575825
2020-11-04,245.89,-0.009745882163424868
2020-11-05,255.92,0.040790597421611396
2020-11-06,259.41,0.013637074085651957
2020-11-09,262.61,0.012335684823252757
2020-11-10,247.22,-0.05860401355622413
2020-11-11,246.79,-0.0017393414772267635
2020-11-12,245.71,-0.004376190283236658
2020-11-13,251.0,0.021529445281022408
2020-11-16,248.79,-0.008804780876494056
2020-11-17,252.71,0.015756260299851332
2020-11-18,252.22,-0.0019389814411776563
2020-11-19,256.88,0.01847593370866707
2020-11-20,254.89,-0.007746807848022508
2020-11-23,257.25,0.00925889599435048
2020-11-24,258.97,0.006686103012633726
2020-11-25,271.24,0.0473800054060316
2020-11-27,272.81,0.005788231824214618
2020-11-30,280.23,0.027198416480334275
2020-12-01,279.11,-0.003996716982478721
2020-12-02,277.06,-0.007344774461681802
2020-12-03,277.29,0.0008301450949252942
2020-12-04,278.0,0.0025604962313823254
2020-12-07,280.8,0.010071942446043147
2020-12-08,284.38,0.01274928774928763
2020-12-09,279.42,-0.017441451578873224
2020-12-10,281.16,0.0062271848829718035
2020-12-11,279.68,-0.005263906672357432
2020-12-14,288.33,0.030928203661327203
2020-12-15,287.53,-0.002774598550272289
2020-12-16,292.17,0.016137446527318966
2020-12-17,297.35,0.017729404114043223
2020-12-18,305.0,0.025727257440726348
2020-12-21,300.88,-0.013508196721311538
2020-12-22,303.86,0.009904280776389385
2020-12-23,300.18,-0.01211084051865996
2020-12-24,301.39,0.0040309147844626025
2020-12-28,299.65,-0.005773250605527802
2020-12-29,298.11,-0.005139329217420219
2020-12-30,299.41,0.004360806413739926
2020-12-31,305.34,0.019805617714838908
2021-01-04,296.84,-0.027837820134931524
2021-01-05,301.7,0.01637245654224495
2021-01-06,302.87,0.0038780245276766045
2021-01-07,315.2,0.04071053587347695
2021-01-08,319.85,0.014752538071066024
2021-01-11,317.81,-0.006377989682663787
2021-01-12,320.13,0.007299959095056874
2021-01-13,314.33,-0.01811763970886826
2021-01-14,311.11,-0.010244011071167125
2021-01-15,308.51,-0.008357172704188343
2021-01-19,310.97,0.007973809600985593
2021-01-20,308.58,-0.007685628838794867
2021-01-21,306.46,-0.006870179532050047
2021-01-22,299.17,-0.023787770018925736
2021-01-25,293.64,-0.01848447371059947
2021-01-26,291.75,-0.006436452799346126
2021-01-27,273.47,-0.06265638389031691
2021-01-28,284.22,0.039309613485939865
2021-01-29,277.43,-0.02388994440926051
2021-02-01,286.32,0.03204411923728512
2021-02-02,294.61,0.02895361832914234
2021-02-03,292.85,-0.0059739995247954925
2021-02-04,300.49,0.026088441181492117
2021-02-05,305.86,0.017870811008685816
2021-02-08,302.81,-0.009971882560648737
2021-02-09,304.5,0.005581057428750702
2021-02-10,301.71,-0.009162561576354755
2021-02-11,300.21,-0.004971661529283078
2021-02-12,305.14,0.01642183804670072
2021-02-16,308.22,0.010093727469358438
2021-02-17,302.52,-0.018493284017909395
2021-02-18,300.72,-0.005950019833399267
2021-02-19,305.4,0.015562649640861848
2021-02-22,297.7,-0.025212835625409213
2021-02-23,290.25,-0.025025193147463876
2021-02-24,298.91,0.02983634797588297
2021-02-25,284.03,-0.04978087049613611
2021-02-26,276.0,-0.02827166144421356
2021-03-01,284.27,0.029963768115941924
2021-03-02,277.92,-0.022337918176381533
2021-03-03,269.3,-0.03101611974668972
2021-03-04,265.44,-0.014333457111028625
2021-03-05,267.39,0.00734629294755873
2021-03-08,253.1,-0.053442537118067235
2021-03-09,263.97,0.042947451600158226
2021-03-10,263.64,-0.0012501420615980141
2021-03-11,274.36,0.04066150811712954
2021-03-12,268.11,-0.022780288671818028
2021-03-15,273.02,0.018313378837044425
2021-03-16,275.01,0.00728884330818258
2021-03-17,272.84,-0.007890622159194227
2021-03-18,263.44,-0.03445242633044998
2021-03-19,261.5,-0.007364105678712374
2021-03-22,265.96,0.017055449330783956
2021-03-23,269.0,0.011430290269213383
2021-03-24,263.18,-0.021635687732342035
2021-03-25,262.19,-0.0037616840185424882
2021-03-26,269.01,0.026011670925664587
2021-03-29,270.78,0.006579681052748976
2021-03-30,268.43,-0.008678632099859529
2021-03-31,277.15,0.03248519167008146
2021-04-01,283.9,0.02435504239581454
2021-04-05,288.32,0.015568862275449069
2021-04-06,285.5,-0.009780799112097616
2021-04-07,286.12,0.0021716287215411967
2021-04-08,293.43,0.025548720816440662
2021-04-09,297.57,0.014108986811164348
2021-04-12,294.5,-0.010316900225157077
2021-04-13,295.35,0.0028862478777589295
2021-04-14,294.35,-0.0033858134416793195
2021-04-15,298.86,0.01532189570239506
2021-04-16,300.16,0.004349862812019101
2021-04-19,290.2,-0.03318230277185508
2021-04-20,286.36,-0.013232253618194245
2021-04-21,288.87,0.008765190669087763
2021-04-22,288.0,-0.0030117353826981663
2021-04-23,295.27,0.025243055555555394
2021-04-26,299.34,0.013783994310292202
2021-04-27,297.87,-0.004910803768290117
2021-04-28,299.23,0.004565750159465587
2021-04-29,296.28,-0.009858637168733253
2021-04-30,291.91,-0.014749561225867236
2021-05-03,287.5,-0.015107396115241034
2021-05-04,279.73,-0.027026086956521644
2021-05-05,281.08,0.0048260822936401215
2021-05-06,284.35,0.01163369859114849
2021-05-07,285.76,0.0049586776859502635
2021-05-10,276.05,-0.03397956326987672
2021-05-11,277.42,0.004962869045462837
2021-05-12,269.54,-0.028404585105616054
2021-05-13,269.72,0.0006678044075090206
2021-05-14,277.63,0.02932670917989011
2021-05-17,274.78,-0.010265461225371975
2021-05-18,272.75,-0.007387728364509738
2021-05-19,273.97,0.004472960586617836
2021-05-20,281.16,0.02624374931561846
2021-05-21,281.68,0.001849480722720065
2021-05-24,287.48,0.020590741266685697
2021-05-25,289.47,0.006922220676220947
2021-05-26,292.51,0.010501951843023383
2021-05-27,286.67,-0.019965129397285453
2021-05-28,285.86,-0.0028255485401332825
2021-06-01,281.3,-0.01595186454907993
2021-06-02,279.67,-0.005794525417703533
2021-06-03,274.47,-0.018593342153252035
2021-06-04,284.78,0.0375633038219112
2021-06-07,278.89,-0.02068263220731792
2021-06-08,278.66,-0.0008246979095699603
2021-06-09,275.5,-0.011339984210148701
2021-06-10,277.5,0.007259528130671544
2021-06-11,277.51,3.603603603608008e-05
2021-06-14,280.52,0.010846455983568148
2021-06-15,276.76,-0.013403678882076164
2021-06-16,273.71,-0.011020378667437547
2021-06-17,276.34,0.009608709948485616
2021-06-18,277.98,0.005934718100890413
2021-06-21,283.22,0.018850276998345183
2021-06-22,286.07,0.010062848668879187
2021-06-23,283.67,-0.008389555004019944
2021-06-24,286.96,0.01159798357246089
2021-06-25,288.74,0.006202955115695685
2021-06-28,293.36,0.01600055413174495
2021-06-29,297.74,0.014930460867193851
2021-06-30,291.9,-0.01961442869617802
2021-07-01,293.7,0.006166495375128589
2021-07-02,297.74,0.013755532856656538
2021-07-06,295.6,-0.007187479008530895
2021-07-07,296.11,0.0017253044654939043
2021-07-08,294.47,-0.005538482320759153
2021-07-09,295.38,0.0030902978232076883
2021-07-12,291.93,-0.011679869997968662
2021-07-13,296.42,0.015380399410817702
2021-07-14,297.1,0.0022940422373658453
2021-07-15,294.79,-0.007775159878828708
2021-07-16,293.33,-0.004952678177685965
2021-07-19,287.31,-0.02052296048818736
2021-07-20,296.12,0.03066374299537089
2021-07-21,301.78,0.019113872754288774
2021-07-22,308.51,0.02230101398369677
2021-07-23,312.65,0.013419338108975332
2021-07-26,313.62,0.0031025107948186026
2021-07-27,308.25,-0.017122632485173206
2021-07-28,313.13,0.01583130575831304
2021-07-29,320.5,0.02353655031456592
2021-07-30,321.13,0.00196567862714514
2021-08-02,322.07,0.0029271634540528613
2021-08-03,327.61,0.017201229546371932
2021-08-04,329.09,0.004517566618845503
2021-08-05,328.82,-0.0008204442553708668
2021-08-06,332.77,0.012012651298582755
2021-08-09,332.77,0.0
2021-08-10,331.28,-0.0044775670883794305
2021-08-11,328.64,-0.007969089591886025
2021-08-12,332.05,0.01037609542356388
2021-08-13,332.78,0.0021984640867338534
2021-08-16,330.18,-0.007812969529418679
2021-08-17,324.7,-0.016597007692773724
2021-08-18,323.52,-0.0036341238065906722
2021-08-19,330.35,0.021111523244312647
2021-08-20,334.38,0.012199182685030951
2021-08-23,336.76,0.007117650577187717
2021-08-24,341.07,0.012798432117828717
2021-08-25,342.27,0.003518339343829613
2021-08-26,310.19,-0.09372717445291723
2021-08-27,315.64,0.017569876527289585
2021-08-30,313.39,-0.007128374097072565
2021-08-31,310.09,-0.01053001053001057
2021-09-01,303.24,-0.02209036086297511
2021-09-02,287.47,-0.052005012531328276
2021-09-03,288.75,0.0044526385361949306
2021-09-07,287.46,-0.004467532467532509
2021-09-08,289.56,0.00730536422458794
2021-09-09,287.68,-0.006492609476447031
2021-09-10,284.43,-0.011297274749721864
2021-09-13,281.28,-0.01107478114122995
2021-09-14,279.35,-0.006861490329920228
2021-09-15,286.62,0.02602470019688563
2021-09-16,290.68,0.01416509664363974
2021-09-17,288.15,-0.008703729186734677
2021-09-20,283.6,-0.015790386951240465
2021-09-21,283.19,-0.001445698166431697
2021-09-22,286.42,0.011405769977753444
2021-09-23,292.16,0.020040499965086278
2021-09-24,294.67,0.00859118291347194
2021-09-27,294.06,-0.002070112329046081
2021-09-28,287.85,-0.021118139155274385
2021-09-29,287.99,0.0004863644259163191
2021-09-30,285.17,-0.009792006666898168
2021-10-01,284.06,-0.003892415050671616
2021-10-04,272.93,-0.039181862986692906
2021-10-05,275.98,0.011175026563587709
2021-10-06,277.42,0.005217769403579986
2021-10-07,283.02,0.020185999567442714
2021-10-08,278.94,-0.014415942336230558
2021-10-11,276.54,-0.00860400086040003
2021-10-12,275.91,-0.0022781514428292793
2021-10-13,283.45,0.02732775180312408
2021-10-14,289.17,0.020179925912859442
2021-10-15,291.19,0.006985510253484151
2021-10-18,292.67,0.0050825921219823655
2021-10-19,296.69,0.01373560665596063
2021-10-20,298.64,0.006572516768343917
2021-10-21,305.68,0.023573533351192166
2021-10-22,308.58,0.009487045276105555
2021-10-25,311.79,0.01040248881975514
2021-10-26,312.8,0.003239359825523591
2021-10-27,308.51,-0.013714833759590817
2021-10-28,317.1,0.027843505883115682
2021-10-29,317.61,0.0016083254493850507
2021-11-01,315.01,-0.008186140234879291
2021-11-02,314.92,-0.00028570521570736584
2021-11-03,308.37,-0.020798933062365133
2021-11-04,318.97,0.03437429062489872
2021-11-05,324.52,0.01739975546289596
2021-11-08,329.07,0.014020707506471108
2021-11-09,329.4,0.001002826146412561
2021-11-10,320.53,-0.02692774741955073
2021-11-11,325.21,0.014600817396187571
2021-11-12,329.32,0.012637987761753955
2021-11-15,326.39,-0.008897121340945002
2021-11-16,333.64,0.022212690339777463
2021-11-17,330.55,-0.009261479438916087
2021-11-18,322.18,-0.025321433973680252
2021-11-19,322.52,0.0010553106958841596
2021-11-22,310.48,-0.03733101823142737
2021-11-23,304.0,-0.02087090955939197
2021-11-24,256.9,-0.15493421052631584
2021-11-26,254.17,-0.010626702997275195
2021-11-29,261.15,0.027461934925443465
2021-11-30,254.19,-0.026651349798965995
2021-12-01,249.68,-0.01774263346315741
2021-12-02,257.66,0.03196090996475487
2021-12-03,259.02,0.005278273694015123
2021-12-06,265.56,0.02524901552003711
2021-12-07,276.7,0.04194908871818037
2021-12-08,276.29,-0.0014817491868448496
2021-12-09,267.67,-0.031199102392413747
2021-12-10,269.0,0.004968804871670285
2021-12-13,268.88,-0.0004460966542750855
2021-12-14,263.22,-0.021050282653971908
2021-12-15,271.73,0.03233037003267225
2021-12-16,269.61,-0.007801862142568061
2021-12-17,277.65,0.029820852342272053
2021-12-20,275.12,-0.009112191608139697
2021-12-21,280.42,0.019264321023553466
2021-12-22,282.61,0.007809714000427848
2021-12-23,280.99,-0.005732281235625081
2021-12-27,284.3,0.01177977863980928
2021-12-28,282.77,-0.005381639113612446
2021-12-29,282.57,-0.0007072886091169517
2021-12-30,281.71,-0.0030434936475918217
2021-12-31,281.19,-0.00184586986617441
2022-01-03,283.72,0.008997475016892631
2022-01-04,278.19,-0.019491047511631332
2022-01-05,264.32,-0.04985801071210327
2022-01-06,264.11,-0.0007944915254236573
2022-01-07,262.32,-0.006777479080686155
2022-01-10,262.39,0.0002668496492832517
2022-01-11,270.63,0.03140363580929151
2022-01-12,269.6,-0.0038059343014447133
2022-01-13,260.17,-0.03497774480712168
2022-01-14,259.1,-0.004112695545220424
2022-01-18,252.03,-0.027286761868004716
2022-01-19,254.35,0.009205253342855935
2022-01-20,252.41,-0.007627285236878278
2022-01-21,239.19,-0.05237510399746448
2022-01-24,245.35,0.025753585016095926
2022-01-25,233.78,-0.04715712247809245
2022-01-26,233.28,-0.0021387629395157592
2022-01-27,228.66,-0.019804526748971263
2022-01-28,239.54,0.04758156214466891
2022-01-31,249.79,0.042790348167320635
2022-02-01,249.77,-8.006725649534197e-05
2022-02-02,248.0,-0.007086519598030194
2022-02-03,237.76,-0.041290322580645245
2022-02-04,241.24,0.014636608344549273
2022-02-07,240.48,-0.003150389653457264
2022-02-08,241.1,0.00257817697937468
2022-02-09,251.34,0.042472003318125395
2022-02-10,238.52,-0.05100660459934747
2022-02-11,227.13,-0.047752808988764106
2022-02-14,226.9,-0.0010126359353673786
2022-02-15,233.38,0.02855883649184654
2022-02-16,233.74,0.001542548633130636
2022-02-17,223.39,-0.04427996919654331
2022-02-18,216.84,-0.029320918572899313
2022-02-22,215.65,-0.005487917358420913
2022-02-23,209.02,-0.030744261534894513
2022-02-24,218.18,0.043823557554300896
2022-02-25,219.62,0.006600055000458349
2022-02-28,220.23,0.0027775248155905707
2022-03-01,214.0,-0.028288607365027474
2022-03-02,216.51,0.011728971962616797
2022-03-03,210.0,-0.030067895247332665
2022-03-04,207.66,-0.011142857142857121
2022-03-07,199.09,-0.0412693826447077
2022-03-08,195.95,-0.01577176151489279
2022-03-09,204.88,0.04557285021689217
2022-03-10,199.79,-0.024843811011323713
2022-03-11,192.31,-0.03743931127684064
2022-03-14,188.7,-0.018771774738703173
2022-03-15,192.43,0.019766825649178754
2022-03-16,204.5,0.06272410746765056
2022-03-17,211.65,0.03496332518337408
2022-03-18,213.3,0.007795889440113335
2022-03-21,212.38,-0.004313173933427228
2022-03-22,216.66,0.0201525567379226
2022-03-23,207.34,-0.04301670820640635
2022-03-24,213.05,0.02753930741776789
2022-03-25,212.14,-0.004271297817413866
2022-03-28,215.41,0.015414349014801543
2022-03-29,223.0,0.03523513300218184
2022-03-30,221.0,-0.008968609865470878
2022-03-31,214.35,-0.030090497737556565
2022-04-01,213.04,-0.006111499883368343
2022-04-04,218.77,0.02689635749155106
2022-04-05,211.55,-0.03300269689628377
2022-04-06,203.94,-0.03597258331363751
2022-04-07,204.77,0.004069824458174054
2022-04-08,202.25,-0.0123064902085267
2022-04-11,199.03,-0.015920889987639075
2022-04-12,196.14,-0.014520424056674974
2022-04-13,201.74,0.028551034975017986
2022-04-14,196.73,-0.02483394468127298
2022-04-18,196.54,-0.0009657906775784042
2022-04-19,203.8,0.03693904548692384
2022-04-20,201.92,-0.009224730127576186
2022-04-21,195.13,-0.03362717908082402
2022-04-22,187.31,-0.04007584687131649
2022-04-25,191.15,0.020500774117772735
2022-04-26,185.59,-0.0290871043682972
2022-04-27,180.47,-0.02758769330244093
2022-04-28,195.84,0.08516650966919714
2022-04-29,189.28,-0.03349673202614378
2022-05-02,192.9,0.019125105663567288
2022-05-03,193.22,0.001658890616899944
2022-05-04,203.75,0.0544974640306386
2022-05-05,198.39,-0.02630674846625769
2022-05-06,193.77,-0.02328746408589133
2022-05-09,186.32,-0.03844764411415602
2022-05-10,186.41,0.0004830399313009437
2022-05-11,180.68,-0.03073869427605813
2022-05-12,185.05,0.024186406907239277
2022-05-13,197.07,0.06495541745474176
2022-05-16,192.58,-0.022783782412340692
2022-05-17,195.64,0.015889500467338058
2022-05-18,187.98,-0.03915354733183396
2022-05-19,193.72,0.030535163315246416
2022-05-20,191.41,-0.011924427008052851
2022-05-23,183.51,-0.041272660780523496
2022-05-24,179.55,-0.02157920549288861
2022-05-25,186.53,0.03887496519075451
2022-05-26,191.63,0.027341446416126125
2022-05-27,211.38,0.1030631946981162
2022-05-31,207.75,-0.01717286403633267
2022-06-01,207.38,-0.0017809867629362541
2022-06-02,214.09,0.03235606133667668
2022-06-03,208.37,-0.02671773553178569
2022-06-06,208.6,0.0011038057301915316
2022-06-07,207.17,-0.00685522531160121
2022-06-08,203.73,-0.016604720760727942
2022-06-09,195.06,-0.04255632454719471
2022-06-10,187.08,-0.04091048908028294
2022-06-13,173.1,-0.07472738935214895
2022-06-14,171.59,-0.008723281340265676
2022-06-15,176.71,0.02983856868115864
2022-06-16,164.31,-0.07017146737592672
2022-06-17,167.77,0.021057756679447426
2022-06-21,166.88,-0.0053048816832569345
2022-06-22,169.15,0.013602588686481454
2022-06-23,183.41,0.08430387230268988
2022-06-24,192.48,0.049452047325663884
2022-06-27,185.87,-0.03434123025768898
2022-06-28,176.81,-0.048743745628665236
2022-06-29,176.85,0.00022623154798928624
2022-06-30,171.96,-0.02765055131467342
2022-07-01,173.86,0.01104908118167014
2022-07-05,176.9,0.017485333026572958
2022-07-06,176.73,-0.0009609949123799977
2022-07-07,182.25,0.03123408589373633
2022-07-08,179.83,-0.013278463648834005
2022-07-11,176.72,-0.017294111104932508
2022-07-12,172.33,-0.024841557265731007
2022-07-13,170.95,-0.008007891835432157
2022-07-14,170.96,5.849663644341696e-05
2022-07-15,176.21,0.03070893776321948
2022-07-18,177.22,0.005731797287327645
2022-07-19,184.76,0.04254598803746745
2022-07-20,196.38,0.06289240095258708
2022-07-21,199.1,0.013850697627049602
2022-07-22,195.95,-0.015821195379206454
2022-07-25,195.71,-0.0012248022454707241
2022-07-26,193.07,-0.01348934648203981
2022-07-27,203.41,0.05355570518464803
2022-07-28,212.16,0.04301656752372063
2022-07-29,216.32,0.019607843137254832
2022-08-01,218.14,0.008413461538461453
2022-08-02,216.18,-0.008985055468964775
2022-08-03,218.44,0.01045425108705711
2022-08-04,221.94,0.01602270646401749
2022-08-05,221.7,-0.0010813733441471518
2022-08-08,220.69,-0.0045557059088858765
2022-08-09,218.14,-0.011554669445829058
2022-08-10,226.32,0.03749885394700647
2022-08-11,227.26,0.00415341109932843
2022-08-12,233.01,0.025301416879345284
2022-08-15,234.04,0.004420411141152769
2022-08-16,233.64,-0.00170910955392245
2022-08-17,228.2,-0.023283684300633434
2022-08-18,228.86,0.0028921998247153358
2022-08-19,222.59,-0.027396661714585324
2022-08-22,216.4,-0.027808976144480857
2022-08-23,213.63,-0.012800369685767143
2022-08-24,214.43,0.0037447923980715725
2022-08-25,220.15,0.02667537191624314
2022-08-26,207.77,-0.05623438564615035
2022-08-29,205.71,-0.009914809645280798
2022-08-30,202.81,-0.014097515920470594
2022-08-31,201.74,-0.005275873970711498
2022-09-01,201.95,0.001040943789035298
2022-09-02,198.69,-0.016142609556820897
2022-09-06,198.18,-0.0025668126226785493
2022-09-07,206.19,0.040417801998183345
2022-09-08,209.82,0.01760512148988802
2022-09-09,211.68,0.008864741206748628
2022-09-12,215.16,0.01643990929705219
2022-09-13,208.34,-0.0316973415132924
2022-09-14,208.52,0.0008639723528847121
2022-09-15,201.3,-0.03462497602148473
2022-09-16,194.97,-0.03144560357675119
2022-09-19,196.89,0.009847668872134063
2022-09-20,194.97,-0.009751637970440319
2022-09-21,192.42,-0.013078935220803278
2022-09-22,187.15,-0.02738800540484343
2022-09-23,184.56,-0.013839166444028828
2022-09-26,183.99,-0.0030884265279583767
2022-09-27,187.96,0.021577259633675627
2022-09-28,190.98,0.016067248350712715
2022-09-29,189.46,-0.0079589485810031
2022-09-30,186.8,-0.014039902881874733
2022-10-03,192.46,0.030299785867237583
2022-10-04,199.99,0.03912501298971205
2022-10-05,204.53,0.022701135056752753
2022-10-06,205.87,0.0065516061213513055
2022-10-07,194.74,-0.05406324379462768
2022-10-10,191.03,-0.019051042415528463
2022-10-11,191.03,0.0
2022-10-12,193.64,0.013662775480290934
2022-10-13,193.85,0.001084486676306673
2022-10-14,189.81,-0.02084085633221555
2022-10-17,198.7,0.04683630999420463
2022-10-18,200.7,0.010065425264217387
2022-10-19,197.02,-0.018335824613851415
2022-10-20,197.83,0.0041112577403308315
2022-10-21,201.39,0.017995248445634937
2022-10-24,207.09,0.028303292119767676
2022-10-25,215.72,0.04167270268965173
2022-10-26,214.56,-0.005377340997589464
2022-10-27,210.15,-0.020553691275167818
2022-10-28,216.39,0.029693076374018412
2022-10-31,214.3,-0.00965848699108085
2022-11-01,214.05,-0.001166588894073728
2022-11-02,199.38,-0.06853538892782063
2022-11-03,194.22,-0.025880228708997866
2022-11-04,193.69,-0.0027288641746473496
2022-11-07,194.88,0.006143838091796194
2022-11-08,199.01,0.021192528735632266
2022-11-09,194.61,-0.022109441736596014
2022-11-10,222.96,0.1456759673192538
2022-11-11,228.8,0.02619303911015436
2022-11-14,223.31,-0.02399475524475525
2022-11-15,232.3,0.040257937396444454
2022-11-16,221.14,-0.04804132587171772
2022-11-17,214.68,-0.029212263724337384
2022-11-18,210.37,-0.020076392770635332
2022-11-21,206.5,-0.0183961591481675
2022-11-22,208.9,0.011622276029055634
2022-11-23,197.07,-0.05662996649114416
2022-11-25,200.66,0.01821687725173793
2022-11-28,195.35,-0.02646267317851092
2022-11-29,195.18,-0.0008702329152802113
2022-11-30,201.95,0.034685930935546505
2022-12-01,206.93,0.024659569200297105
2022-12-02,201.11,-0.02812545305175662
2022-12-05,198.39,-0.013524936601859827
2022-12-06,194.61,-0.01905337970663834
2022-12-07,193.34,-0.006525872257335252
2022-12-08,196.63,0.017016654598117187
2022-12-09,194.31,-0.011798809947617284
2022-12-12,199.88,0.028665534455251773
2022-12-13,203.02,0.01570942565539335
2022-12-14,200.06,-0.014579844350310345
2022-12-15,194.11,-0.02974107767669698
2022-12-16,192.4,-0.00880943794755551
2022-12-19,188.54,-0.020062370062370105
2022-12-20,187.92,-0.0032884268590219756
2022-12-21,192.23,0.022935291613452646
2022-12-22,188.1,-0.021484679810643503
2022-12-23,188.16,0.00031897926634760765
2022-12-27,186.29,-0.009938350340136126
2022-12-28,181.9,-0.023565408771270557
2022-12-29,188.12,0.03419461242440902
2022-12-30,186.87,-0.006644694875611257
2023-01-03,185.15,-0.009204259645743007
2023-01-04,187.96,0.015176883607885605
2023-01-05,182.07,-0.03133645456480105
2023-01-06,187.19,0.028121052342505726
2023-01-09,192.47,0.02820663496981668
2023-01-10,193.43,0.004987790304982642
2023-01-11,199.93,0.03360388771131673
2023-01-12,199.96,0.000150052518381516
2023-01-13,200.59,0.0031506301260251224
2023-01-17,200.7,0.0005483822722966991
2023-01-18,198.02,-0.01335326357747868
2023-01-19,196.05,-0.009948490051509995
2023-01-20,205.9,0.05024228513134399
2023-01-23,211.29,0.026177756192326207
2023-01-24,206.43,-0.02300156183444546
2023-01-25,202.5,-0.019037930533352787
2023-01-26,208.46,0.02943209876543218
2023-01-27,210.88,0.011608941763407765
2023-01-30,209.12,-0.00834597875569043
2023-01-31,215.16,0.028882938026013827
2023-02-01,222.19,0.032673359360475995
2023-02-02,228.22,0.027138935145596177
2023-02-03,223.66,-0.01998072035754972
2023-02-06,218.34,-0.02378610390771707
2023-02-07,223.65,0.024319868095630692
2023-02-08,221.32,-0.010418063939190758
2023-02-09,224.65,0.015046087113681494
2023-02-10,222.8,-0.008235032272423726
2023-02-13,224.0,0.0053859964093356805
2023-02-14,228.04,0.018035714285714155
2023-02-15,229.28,0.005437642518856478
2023-02-16,222.13,-0.0311845778087928
2023-02-17,219.98,-0.009679016791968698
2023-02-21,215.55,-0.02013819438130726
2023-02-22,216.7,0.0053351890512640665
2023-02-23,221.16,0.020581449007845087
2023-02-24,192.53,-0.12945378911195515
2023-02-27,196.68,0.021555082324832497
2023-02-28,198.69,0.010219646125686266
2023-03-01,196.38,-0.011626151290955788
2023-03-02,201.13,0.02418779916488445
2023-03-03,207.46,0.03147218217073533
2023-03-06,208.33,0.004193579485201937
2023-03-07,205.48,-0.013680218883502238
2023-03-08,204.51,-0.004720654078255837
2023-03-09,200.49,-0.019656740501686865
2023-03-10,194.02,-0.03227093620629462
2023-03-13,197.87,0.019843315122152427
2023-03-14,199.22,0.006822661343306224
2023-03-15,195.79,-0.017217146872803957
2023-03-16,200.59,0.024516063128862564
2023-03-17,199.11,-0.007378234209083123
2023-03-20,200.42,0.006579277786148197
2023-03-21,207.15,0.0335794830855205
2023-03-22,198.38,-0.04233647115616712
2023-03-23,201.14,0.013912692811775429
2023-03-24,200.22,-0.004573928606940392
2023-03-27,198.75,-0.007341923883727897
2023-03-28,197.27,-0.007446540880503116
2023-03-29,199.16,0.009580777614436986
2023-03-30,201.61,0.012301667001406003
2023-03-31,208.16,0.032488467833936774
2023-04-03,207.58,-0.002786318216756234
2023-04-04,203.32,-0.02052220830523177
2023-04-05,197.55,-0.02837891009246496
2023-04-06,197.34,-0.0010630220197418438
2023-04-10,198.14,0.004053917097395221
2023-04-11,197.78,-0.0018168971434339154
2023-04-12,193.16,-0.023359288097886566
2023-04-13,196.31,0.016307724166494175
2023-04-14,194.66,-0.008405073608068858
2023-04-17,197.09,0.01248330422274746
2023-04-18,197.45,0.0018265766908518444
2023-04-19,196.56,-0.004507470245631695
2023-04-20,194.64,-0.009768009768009844
2023-04-21,194.09,-0.002825729551993339
2023-04-24,195.84,0.009016435674171763
2023-04-25,190.21,-0.02874795751633985
2023-04-26,189.9,-0.0016297776142158993
2023-04-27,190.11,0.0011058451816745585
2023-04-28,194.79,0.02461732681079365
2023-05-01,196.47,0.008624672724472537
2023-05-02,192.42,-0.02061383417315632
2023-05-03,193.7,0.006652115164743844
2023-05-04,193.03,-0.003458957150232256
2023-05-05,194.94,0.009894834999740976
2023-05-08,191.99,-0.015132861393249097
2023-05-09,192.73,0.003854367414969362
2023-05-10,196.32,0.01862709489960057
2023-05-11,193.1,-0.016401792991035058
2023-05-12,194.45,0.006991196271362021
2023-05-15,196.91,0.012651067112368297
2023-05-16,193.25,-0.018587171804377633
2023-05-17,198.46,0.026959896507115166
2023-05-18,204.84,0.03214753602741105
2023-05-19,200.89,-0.019283343097051486
2023-05-22,203.49,0.012942406292000719
2023-05-23,196.64,-0.03366258784215448
2023-05-24,196.75,0.000559397884458912
2023-05-25,197.56,0.0041168996188056806
2023-05-26,198.9,0.006782749544442135
2023-05-30,195.04,-0.01940673705379592
2023-05-31,199.39,0.022303117309269815
2023-06-01,203.3,0.01960980992025685
2023-06-02,204.24,0.004623708804722071
2023-06-05,208.43,0.020515080297689003
2023-06-06,208.01,-0.002015065009835504
2023-06-07,201.16,-0.03293110908129415
2023-06-08,200.16,-0.004971167230065632
2023-06-09,201.39,0.006145083932853623
2023-06-12,208.1,0.03331843686379665
2023-06-13,213.29,0.02493993272465156
2023-06-14,213.55,0.0012189976088894383
2023-06-15,221.43,0.03690002341372045
2023-06-16,213.5,-0.03581267217630857
2023-06-20,211.99,-0.007072599531615875
2023-06-21,207.98,-0.018915986603141755
2023-06-22,206.7,-0.006154437926723766
2023-06-23,202.0,-0.022738268021286867
2023-06-26,200.78,-0.006039603960396045
2023-06-27,206.85,0.030232094830162426
2023-06-28,206.3,-0.0026589315929416157
2023-06-29,206.18,-0.0005816771691711242
2023-06-30,204.61,-0.00761470559705113
2023-07-03,203.7,-0.004447485460143841
2023-07-05,203.85,0.0007363770250368162
2023-07-06,201.05,-0.013735589894530165
2023-07-07,201.57,0.0025864212882367177
2023-07-10,207.33,0.028575680904896705
2023-07-11,212.05,0.02276563931896014
2023-07-12,215.32,0.01542089129922175
2023-07-13,216.59,0.005898198030837909
2023-07-14,214.14,-0.011311694907428893
2023-07-17,213.73,-0.0019146352853273152
2023-07-18,217.24,0.016422589248116903
2023-07-19,219.07,0.008423863008653942
2023-07-20,210.97,-0.03697448304195006
2023-07-21,209.9,-0.005071811157984496
2023-07-24,210.53,0.0030014292520248453
2023-07-25,210.76,0.0010924808815844234
2023-07-26,212.75,0.009442019358512077
2023-07-27,209.46,-0.0154641598119859
2023-07-28,209.79,0.0015754798052132202
2023-07-31,211.99,0.010486677153343837
2023-08-01,212.45,0.002169913675173163
2023-08-02,206.78,-0.026688632619439767
2023-08-03,202.62,-0.020117999806557707
2023-08-04,201.57,-0.005182114302635488
2023-08-07,203.715,0.010641464503646336
2023-08-08,203.23,-0.002380777065999151
2023-08-09,204.77,0.007577621414161406
2023-08-10,208.06,0.016066806661132027
2023-08-11,207.96,-0.00048063058733049946
2023-08-14,211.48,0.016926331986920395
2023-08-15,209.53,-0.009220730092680096
2023-08-16,203.65,-0.028062807235240794
2023-08-17,198.7,-0.02430640805303219
2023-08-18,199.68,0.004932058379466531
2023-08-21,202.02,0.01171875
2023-08-22,200.58,-0.007128007128007097
2023-08-23,204.36,0.01884534848938091
2023-08-24,208.6,0.020747700137013103
2023-08-25,215.92,0.03509108341323097
2023-08-28,217.09,0.005418673582808564
2023-08-29,219.4,0.010640748076834461
2023-08-30,221.55,0.009799453053783047
2023-08-31,221.94,0.0017603249830737688
2023-09-01,220.02,-0.008650986753176437
2023-09-05,219.46,-0.0025452231615308296
2023-09-06,222.2,0.012485190923174905
2023-09-07,221.01,-0.005355535553555391
2023-09-08,219.19,-0.008234921496764858
2023-09-11,218.74,-0.002053013367398049
2023-09-12,211.8,-0.031727164670384944
2023-09-13,212.26,0.002171860245514523
2023-09-14,216.67,0.02077640629416755
2023-09-15,213.35,-0.015322841187058622
2023-09-18,213.52,0.0007968127490041166
2023-09-19,212.06,-0.0068377669539153585
2023-09-20,207.73,-0.020418749410544224
2023-09-21,204.06,-0.01766716410725455
2023-09-22,204.04,-9.801038910128845e-05
2023-09-25,205.67,0.007988629680454773
2023-09-26,201.66,-0.019497252880828486
2023-09-27,202.28,0.0030744818010512986
2023-09-28,207.89,0.02773383428910403
2023-09-29,206.91,-0.0047140314589445564
2023-10-02,208.99,0.010052679909139384
2023-10-03,203.28,-0.027321881429733463
2023-10-04,207.06,0.018595041322314154
2023-10-05,203.96,-0.01497150584371676
2023-10-06,210.04,0.029809766620906064
2023-10-09,210.56,0.0024757189106836552
2023-10-10,212.47,0.009071048632218748
2023-10-11,213.2,0.0034357791688237604
2023-10-12,212.77,-0.002016885553470793
2023-10-13,209.47,-0.015509705315599032
2023-10-16,211.78,0.011027832147801675
2023-10-17,213.99,0.010435357446406668
2023-10-18,209.64,-0.020328052712743738
2023-10-19,206.07,-0.017029192902117907
2023-10-20,202.69,-0.016402193429417178
2023-10-23,199.72,-0.014652918249543623
2023-10-24,205.04,0.026637292209092722
2023-10-25,200.21,-0.02355637924307441
2023-10-26,196.12,-0.020428550022476455
2023-10-27,195.15,-0.004945951458290798
2023-10-30,197.79,0.013528055342044487
2023-10-31,197.63,-0.0008089387734465658
2023-11-01,198.93,0.006577948692000346
2023-11-02,199.24,0.0015583371035037263
2023-11-03,203.98,0.023790403533426874
2023-11-06,201.99,-0.009755858417491825
2023-11-07,205.31,0.016436457250358805
2023-11-08,206.93,0.007890507038137429
2023-11-09,204.68,-0.010873242159184282
2023-11-10,210.58,0.0288254836818449
2023-11-13,210.1,-0.002279418748219242
2023-11-14,217.36,0.03455497382198969
2023-11-15,216.11,-0.005750828119249207
2023-11-16,215.02,-0.005043727731247949
2023-11-17,217.33,0.010743186680308714
2023-11-20,219.7,0.0109050752312152
2023-11-21,217.67,-0.00923987255348202
2023-11-22,202.66,-0.06895759636146459
2023-11-24,203.42,0.0037501233593209005
2023-11-27,202.26,-0.005702487464359418
2023-11-28,207.37,0.025264511025412828
2023-11-29,213.85,0.0312484930317789
2023-11-30,218.43,0.021416880991349085
2023-12-01,224.93,0.02975781714965886
2023-12-04,221.31,-0.01609389587871779
2023-12-05,220.45,-0.0038859518322715836
2023-12-06,219.55,-0.00408255840326599
2023-12-07,223.84,0.01953996811660219
2023-12-08,224.01,0.000759471050750582
2023-12-11,226.09,0.00928529976340342
2023-12-12,227.94,0.008182582157547857
2023-12-13,234.91,0.030578222339212147
2023-12-14,240.81,0.025116001873057847
2023-12-15,242.29,0.006145924172584083
2023-12-18,239.14,-0.013000949275661422
2023-12-19,238.16,-0.004098017897465889
2023-12-20,236.71,-0.006088343970440002
2023-12-21,241.89,0.021883317139115288
2023-12-22,242.76,0.0035966761751209386
2023-12-26,245.07,0.009515570934256035
2023-12-27,245.11,0.00016321867221624764
2023-12-28,244.91,-0.0008159601811432715
2023-12-29,243.48,-0.0058388795884202205
2024-01-02,234.12,-0.03844258255298172
2024-01-03,227.19,-0.02960020502306515
2024-01-04,228.92,0.007614771776926821
2024-01-05,229.52,0.0026210029704700766
2024-01-08,235.45,0.02583652840711048
2024-01-09,235.96,0.0021660649819494893
2024-01-10,238.82,0.01212069842346164
2024-01-11,240.65,0.007662674817854542
2024-01-12,242.44,0.00743818824018283
2024-01-16,241.5,-0.0038772479788813374
2024-01-17,238.47,-0.012546583850931659
2024-01-18,241.18,0.01136411288631689
2024-01-19,248.64,0.0309312546645657
2024-01-22,250.79,0.008647039897039965
2024-01-23,252.78,0.007934925634993428
2024-01-24,252.66,-0.0004747211013529373
2024-01-25,251.75,-0.003601678144542042
2024-01-26,253.07,0.005243296921549234
2024-01-29,257.23,0.016438139645157612
2024-01-30,256.47,-0.002954554289935074
2024-01-31,253.81,-0.010371583421063035
2024-02-01,255.07,0.0049643434064852165
2024-02-02,256.45,0.0054102795311090635
2024-02-05,252.81,-0.014193799961006004
2024-02-06,253.98,0.004627981488074084
2024-02-07,258.43,0.017521064650759977
2024-02-08,261.51,0.011918120961188716
2024-02-09,266.68,0.01976979847806981
2024-02-12,262.04,-0.0173991300434978
2024-02-13,256.76,-0.020149595481605997
2024-02-14,262.17,0.021070260165134913
2024-02-15,261.25,-0.003509173437082902
2024-02-16,258.3,-0.01129186602870813
2024-02-20,255.26,-0.011769260549748473
2024-02-21,252.52,-0.01073415341220707
2024-02-22,256.98,0.01766196736892134
2024-02-23,257.2,0.0008560977507976464
2024-02-26,257.35,0.0005832037325039785
2024-02-27,256.95,-0.0015543034777542042
2024-02-28,255.25,-0.006616073165985559
2024-02-29,258.17,0.011439764936336916
2024-03-01,264.74,0.025448347987760078
2024-03-04,260.7,-0.015260255344866747
2024-03-05,247.29,-0.05143843498273881
2024-03-06,251.1,0.015407012010190568
2024-03-07,253.84,0.01091198725607323
2024-03-08,251.86,-0.007800189095493182
2024-03-11,258.26,0.025410942587151597
2024-03-12,262.78,0.017501742430109157
2024-03-13,258.7,-0.015526295760712294
2024-03-14,258.53,-0.0006571318129107162
2024-03-15,254.24,-0.01659381889916045
2024-03-18,255.18,0.0036972938955317503
2024-03-19,256.19,0.003957990438122172
2024-03-20,262.43,0.024356922596510344
2024-03-21,265.75,0.012650992645657944
2024-03-22,262.86,-0.010874882408278386
2024-03-25,261.57,-0.0049075553526592985
2024-03-26,261.67,0.00038230683946949284
2024-03-27,260.97,-0.002675125157641234
2024-03-28,260.42,-0.002107521937387502
2024-04-01,259.44,-0.0037631518316566526
2024-04-02,248.71,-0.04135831020659875
2024-04-03,246.38,-0.009368340637690542
2024-04-04,244.81,-0.006372270476499686
2024-04-05,244.74,-0.00028593603202475837
2024-04-08,245.89,0.004698864100678213
2024-04-09,247.93,0.008296392695920973
2024-04-10,239.01,-0.03597789698705289
2024-04-11,241.06,0.008577046985481784
2024-04-12,236.98,-0.016925246826516305
2024-04-15,229.62,-0.031057473204489816
2024-04-16,228.24,-0.006009929448654305
2024-04-17,214.92,-0.05835962145110418
2024-04-18,210.63,-0.019960915689558822
2024-04-19,216.5,0.027868774628495574
2024-04-22,217.13,0.0029099307159352605
2024-04-23,217.93,0.003684428683277341
2024-04-24,215.0,-0.013444684072867474
2024-04-25,216.4,0.006511627906976791
2024-04-26,217.93,0.007070240295748542
2024-04-29,216.78,-0.005276923782866039
2024-04-30,212.85,-0.01812897868807084
2024-05-01,210.71,-0.01005402865867977
2024-05-02,209.95,-0.0036068530207394867
2024-05-03,215.19,0.02495832341033588
2024-05-06,216.7,0.007017054695850122
2024-05-07,214.62,-0.009598523304107043
2024-05-08,213.95,-0.0031217966638711347
2024-05-09,218.63,0.021874269689179826
2024-05-10,217.77,-0.003933586424552882
2024-05-13,216.65,-0.005143040822886524
2024-05-14,215.83,-0.0037849065312716146
2024-05-15,220.24,0.020432747996107947
2024-05-16,220.43,0.0008626952415546896
2024-05-17,221.21,0.003538538311482098
2024-05-20,221.4,0.0008589123457347636
2024-05-21,220.28,-0.005058717253839218
2024-05-22,219.96,-0.0014526965680042858
2024-05-23,215.16,-0.021822149481724007
2024-05-24,214.89,-0.0012548800892359102
2024-05-28,210.45,-0.020661733910372737
2024-05-29,208.51,-0.009218341648847717
2024-05-30,199.93,-0.041149105558486276
2024-05-31,201.6,0.008352923523233136
2024-06-03,210.82,0.04573412698412693
2024-06-04,212.0,0.005597191917275479
2024-06-05,216.28,0.020188679245283003
2024-06-06,215.87,-0.0018956907712224247
2024-06-07,216.05,0.0008338351785797116
2024-06-10,218.2,0.009951400138856537
2024-06-11,211.5,-0.030705774518790085
2024-06-12,223.02,0.05446808510638301
2024-06-13,223.1,0.0003587122231190065
2024-06-14,225.87,0.012415956969968667
2024-06-17,240.51,0.0648160446274404
2024-06-18,244.12,0.015009770903496866
2024-06-20,243.51,-0.0024987710961822396
2024-06-21,242.31,-0.004927929037821799
2024-06-24,239.17,-0.012958606743427858
2024-06-25,242.53,0.014048584688715282
2024-06-26,243.28,0.00309240094008989
2024-06-27,243.68,0.0016441959881619006
2024-06-28,247.45,0.015471109652002601
2024-07-01,245.83,-0.00654677712669216
2024-07-02,247.86,0.008257739087987659
2024-07-03,246.3,-0.006293875574921337
2024-07-05,247.87,0.006374340235485221
2024-07-08,247.96,0.0003630935571066196
2024-07-09,243.96,-0.016131634134537776
2024-07-10,247.05,0.01266601082144625
2024-07-11,248.77,0.006962153410240868
2024-07-12,253.45,0.018812557784298578
2024-07-15,253.17,-0.0011047543894259215
2024-07-16,253.82,0.002567444799936869
2024-07-17,250.18,-0.014340871483728534
2024-07-18,242.81,-0.029458789671436558
2024-07-19,242.45,-0.0014826407479099357
2024-07-22,245.26,0.011590018560527993
2024-07-23,246.23,0.003954986544891126
2024-07-24,239.45,-0.027535231287820316
2024-07-25,242.23,0.011609939444560347
2024-07-26,240.86,-0.005655781695083073
2024-07-29,242.58,0.007141077804533769
2024-07-30,243.34,0.0031329870558165496
2024-07-31,247.52,0.0171776115722857
2024-08-01,241.78,-0.023190045248868807
2024-08-02,231.37,-0.04305567044420544
2024-08-05,225.72,-0.024419760556684156
2024-08-06,234.23,0.03770157717526135
2024-08-07,232.57,-0.007087051189002214
2024-08-08,239.29,0.028894526379154684
2024-08-09,240.44,0.004805884073718181
2024-08-12,239.57,-0.0036183663283979595
2024-08-13,244.61,0.021037692532454022
2024-08-14,246.22,0.0065819058910101536
2024-08-15,250.21,0.016205019900901618
2024-08-16,248.23,-0.007913352783661787
2024-08-19,251.11,0.011602143173669699
2024-08-20,250.13,-0.0039026721357174887
2024-08-21,252.06,0.007715987686403025
2024-08-22,249.91,-0.008529715147187145
2024-08-23,255.26,0.021407706774438706
2024-08-26,256.21,0.003721695526130109
2024-08-27,256.99,0.0030443776589517135
2024-08-28,254.62,-0.009222148721740209
2024-08-29,258.23,0.014177990731285783
2024-08-30,258.4,0.0006583278472678256
2024-09-03,257.83,-0.0022058823529411686
2024-09-04,255.79,-0.007912190202846836
2024-09-05,251.77,-0.0157160170452324
2024-09-06,250.37,-0.005560630734400496
2024-09-09,255.67,0.021168670367855524
2024-09-10,257.61,0.007587906285446255
2024-09-11,258.98,0.005318116532743389
2024-09-12,259.47,0.0018920379952120925
2024-09-13,263.96,0.01730450533780381
2024-09-16,267.73,0.014282467040460878
2024-09-17,266.89,-0.003137489261569648
2024-09-18,264.21,-0.010041590168234138
2024-09-19,269.76,0.0210060179402749
2024-09-20,267.29,-0.009156287069988056
2024-09-23,268.46,0.0043772681357325816
2024-09-24,269.65,0.0044326901586828615
2024-09-25,268.0,-0.006119043204153463
2024-09-26,273.36,0.020000000000000018
2024-09-27,271.9,-0.005340942347088262
2024-09-30,275.48,0.013166605369621331
2024-10-01,267.47,-0.02907652098155944
2024-10-02,270.17,0.01009459004748181
2024-10-03,268.59,-0.0058481696709480335
2024-10-04,271.16,0.009568487285453786
2024-10-07,267.23,-0.014493288095589363
2024-10-08,275.08,0.029375444373760384
2024-10-09,276.88,0.0065435509669915515
2024-10-10,277.71,0.002997688529326803
2024-10-11,281.67,0.014259479312952461
2024-10-14,285.31,0.012922923989065138
2024-10-15,286.48,0.00410080263572965
2024-10-16,289.19,0.009459648142976729
2024-10-17,290.57,0.004771949237525552
2024-10-18,292.99,0.008328457858691518
2024-10-21,289.78,-0.010956005324413876
2024-10-22,288.48,-0.004486161915936093
2024-10-23,286.295,-0.007574181919023815
2024-10-24,285.77,-0.0018337728566689693
2024-10-25,286.04,0.0009448157609268648
2024-10-28,286.52,0.0016780869808417087
2024-10-29,289.66,0.01095909535111006
2024-10-30,288.82,-0.002899951667472367
2024-10-31,283.8,-0.01738106779308901
2024-11-01,286.57,0.0097603946441156
2024-11-04,287.62,0.003664026241406937
2024-11-05,291.79,0.014498296363257168
2024-11-06,302.33,0.036121868467048124
2024-11-07,305.51,0.010518307809347371
2024-11-08,305.56,0.000163660763968565
2024-11-11,313.89,0.02726142165204859
2024-11-12,309.73,-0.013253050431679791
2024-11-13,313.14,0.011009588996868214
2024-11-14,306.65,-0.02072555406527432
2024-11-15,299.15,-0.0244578509701614
2024-11-18,302.05,0.009694133377904146
2024-11-19,305.2,0.010428736964078755
2024-11-20,307.84,0.0086500655307995
2024-11-21,315.41,0.02459069646569656
2024-11-22,321.27,0.018578992422561003
2024-11-25,319.39,-0.005851775764932898
2024-11-26,317.96,-0.004477284824196182
2024-11-27,290.64,-0.08592275757956969
2024-11-29,291.9,0.004335260115606809
2024-12-02,296.65,0.016272696128811326
2024-12-03,298.96,0.007786954323276696
2024-12-04,304.23,0.01762777629114276
2024-12-05,305.17,0.0030897676100318794
2024-12-06,307.71,0.008323229675262889
2024-12-09,308.55,0.0027298430340256807
2024-12-10,303.99,-0.01477880408361687
2024-12-11,307.46,0.011414849172669994
2024-12-12,309.34,0.006114616535484174
2024-12-13,303.77,-0.0180060774552272
2024-12-16,304.89,0.003687000032919663
2024-12-17,302.82,-0.006789333858112756
2024-12-18,292.83,-0.03298989498712113
2024-12-19,293.63,0.0027319605231703736
2024-12-20,298.12,0.015291353063379143
2024-12-23,297.49,-0.002113242989400188
2024-12-24,301.23,0.01257185115466064
2024-12-26,300.28,-0.0031537363476414892
2024-12-27,297.59,-0.008958305581457271
2024-12-30,297.53,-0.0002016196780806334
2024-12-31,295.57,-0.00658757100124352
2025-01-02,293.32,-0.007612409919815932
2025-01-03,294.06,0.0025228419473612984
2025-01-06,292.51,-0.005271033122491997
2025-01-07,290.82,-0.005777580253666481
2025-01-08,296.37,0.01908396946564883
2025-01-10,284.96,-0.03849917333063413
2025-01-13,284.82,-0.0004912970241437442
2025-01-14,286.87,0.007197528263464648
2025-01-15,290.94,0.014187611113047671
2025-01-16,290.08,-0.0029559359318073186
2025-01-17,291.45,0.0047228350799779495
2025-01-21,296.91,0.01873391662377788
2025-01-22,301.45,0.015290828870701434
2025-01-23,301.08,-0.0012274008956709714
2025-01-24,300.83,-0.0008303440945928164
2025-01-27,299.07,-0.005850480337732278
2025-01-28,309.93,0.03631256896378776
2025-01-29,304.17,-0.018584841738457092
2025-01-30,309.95,0.01900253147910691
2025-01-31,311.34,0.0044845942894014
2025-02-03,306.23,-0.016412924776771254
2025-02-04,306.85,0.0020246220161317385
2025-02-05,311.36,0.014697735049698624
2025-02-06,307.7,-0.011754881808838769
2025-02-07,301.15,-0.021286967825804415
2025-02-10,304.99,0.012751120703968333
2025-02-11,299.72,-0.017279255057542797
2025-02-12,297.28,-0.008140931536100515
2025-02-13,303.48,0.02085575888051694
2025-02-14,302.72,-0.002504283643073646
2025-02-18,295.66,-0.023321881606765293
2025-02-19,299.06,0.011499695596292936
2025-02-20,291.02,-0.02688423727680067
2025-02-21,285.0,-0.020685863514535052
2025-02-24,285.26,0.0009122807017543089
2025-02-25,283.72,-0.005398583748159491
2025-02-26,285.67,0.006872973354010936
2025-02-27,282.35,-0.011621801379213759
2025-02-28,274.21,-0.028829466973614437
2025-03-03,272.03,-0.007950111228620438
2025-03-04,267.43,-0.0169098996434216
2025-03-05,267.24,-0.0007104662902441827
2025-03-06,260.39,-0.02563239036072451
2025-03-07,259.75,-0.0024578516840123577
2025-03-10,248.4,-0.04369586140519732
2025-03-11,250.85,0.009863123993558709
2025-03-12,251.85,0.003986446083316775
2025-03-13,246.93,-0.01953543776057176
2025-03-14,254.43,0.03037298019681689
2025-03-17,260.62,0.024328892033172123
2025-03-18,259.95,-0.0025707927250403495
2025-03-19,268.3,0.032121561838815316
2025-03-20,267.82,-0.001789042117033235
2025-03-21,267.25,-0.0021282951235904735
2025-03-24,269.19,0.007259120673526631
2025-03-25,273.08,0.014450759686466697
2025-03-26,271.21,-0.006847810165519275
2025-03-27,269.81,-0.00516205154677174
2025-03-28,261.63,-0.030317630925466132
2025-03-31,261.8,0.0006497725795973075
2025-04-01,264.61,0.01073338426279613
2025-04-02,267.93,0.01254676694002499
2025-04-03,257.15,-0.04023438957936787
2025-04-04,245.51,-0.04526540929418621
2025-04-07,243.62,-0.007698260763308928
2025-04-08,238.84,-0.019620720794680246
2025-04-09,263.53,0.10337464411321373
2025-04-10,256.92,-0.025082533297916543
2025-04-11,258.45,0.005955161139654219
2025-04-14,260.71,0.008744437995743759
2025-04-15,265.34,0.01775919604157883
2025-04-16,260.16,-0.01952212255973451
2025-04-17,259.47,-0.00265221402214022
2025-04-21,254.27,-0.02004085250703358
2025-04-22,261.14,0.02701852361662782
2025-04-23,264.44,0.01263689974726212
2025-04-24,271.71,0.027492058690061993
2025-04-25,269.93,-0.006551102278164134
2025-04-28,271.47,0.005705182825177069
2025-04-29,272.89,0.0052307805650715355
2025-04-30,274.25,0.004983693063139061
2025-05-01,273.49,-0.002771194165906987
2025-05-02,279.99,0.023766865333284537
2025-05-05,280.07,0.00028572449016039947
2025-05-06,278.64,-0.005105866390545222
2025-05-07,283.36,0.01693942004019533
2025-05-08,289.62,0.022092038396386293
2025-05-09,287.48,-0.007388992472895484
2025-05-12,293.2,0.019897036315569716
2025-05-13,297.01,0.012994542974079204
2025-05-14,295.54,-0.004949328305444145
2025-05-15,295.78,0.0008120728158622637
2025-05-16,298.08,0.007776049766718529
2025-05-19,295.9,-0.007313472893183071
2025-05-20,295.84,-0.0002027712064887055
2025-05-21,292.93,-0.009836398053001516
2025-05-22,295.0,0.007066534666985369
2025-05-23,295.35,0.0011864406779662495
2025-05-27,300.36,0.01696292534281363
2025-05-28,299.23,-0.0037621520841656375
2025-05-29,297.0,-0.007452461317381309
2025-05-30,296.12,-0.002962962962962945
2025-06-02,295.26,-0.0029042280156693634
2025-06-03,299.52,0.014427961796382727
2025-06-04,298.36,-0.0038728632478631786
2025-06-05,298.22,-0.0004692318005093954
2025-06-06,297.86,-0.0012071624974850925
2025-06-09,297.21,-0.002182233263949618
2025-06-10,297.54,0.0011103260320985964
2025-06-11,296.77,-0.0025878873428784033
2025-06-12,298.57,0.0060653030966741905
2025-06-13,292.16,-0.02146900224402981
2025-06-16,299.3,0.024438663745892653
2025-06-17,296.85,-0.008185766789174709
2025-06-18,295.19,-0.00559204985683015
2025-06-20,297.21,0.006843050238829251
